"Test ID","Test Name","Business Title","Feature Area","Severity","Status","Start Time","Stop Time","Duration (s)","Browser","Tags","Created At","Updated At","Monitor Status"
"","🔄 CROSS_FLOW_PAYMENT_INSTRUCTIONS_LIFECYCLE: Payment Instructions Lifecycle: Created by Creator, Viewed by Approver, Deleted by Admin","","","","✅ Passed","09 Jun 2026, 04:08:33 pm","09 Jun 2026, 04:08:35 pm","2.08 s","Chromium","","—","—","Normal"
"","🔄 CROSS_FLOW_DELIVERY_LIFECYCLE: Delivery Lifecycle: Created by Creator, Viewed by Approver, Deleted by Admin","","","","✅ Passed","09 Jun 2026, 04:08:33 pm","09 Jun 2026, 04:08:36 pm","2.96 s","Chromium","","—","—","Normal"
"","🔄 CROSS_FLOW_SELLER_TAX_LIFECYCLE: Seller Tax Representative Lifecycle: Created by Admin, Viewed by Approver, Deleted by Admin","","","","✅ Passed","09 Jun 2026, 04:08:31 pm","09 Jun 2026, 04:08:33 pm","2.63 s","Chromium","","—","—","Normal"
"","API_COMPANY_USER_CREATE_NAGATIVE DATA_SUPER_ADMIN_PERMISSION: SUPER_ADMIN should return 201 (PERMISSION)","","","","❌ Failed","09 Jun 2026, 04:09:15 pm","09 Jun 2026, 04:09:16 pm","0.83 s","Chromium","","—","—","Normal"
"","🔄 CROSS_FLOW_PARTY_ADDRESS_CONTACT_LIFECYCLE: Party Address and Contact Lifecycle: Created by Admin, Viewed by Creator, Deleted by Admin","","","","✅ Passed","09 Jun 2026, 04:08:35 pm","09 Jun 2026, 04:08:38 pm","2.60 s","Chromium","","—","—","Normal"
"","🔄 CROSS_FLOW_EXCHANGE_RATE_LIFECYCLE: Exchange Rate Lifecycle: Created by Admin, Viewed by Creator, Deleted by Admin","","","","✅ Passed","09 Jun 2026, 04:08:33 pm","09 Jun 2026, 04:08:36 pm","2.05 s","Chromium","","—","—","Normal"
"","🔄 CROSS_FLOW_INVOICE_LIFECYCLE: Invoice Lifecycle: Created by Creator, Lines CRUD, Deleted by Admin","","","","❌ Failed","09 Jun 2026, 04:08:35 pm","09 Jun 2026, 04:08:51 pm","15.94 s","Chromium","","—","—","Normal"
"","🔄 CROSS_FLOW_TAX_CATEGORY_RATE_LIFECYCLE: Tax Category Rate Lifecycle: Created by Admin, Viewed by Approver, Deleted by Admin","","","","✅ Passed","09 Jun 2026, 04:08:34 pm","09 Jun 2026, 04:08:36 pm","2.08 s","Chromium","","—","—","Normal"
"","🔄 CROSS_FLOW_INVOICE_TERMS_LIFECYCLE: Invoice Terms Lifecycle: Created by Admin, Viewed by Creator, Deleted by Admin","","","","✅ Passed","09 Jun 2026, 04:08:32 pm","09 Jun 2026, 04:08:34 pm","1.62 s","Chromium","","—","—","Normal"
"","🔄 CROSS_FLOW_SELLER_LIFECYCLE: Seller Lifecycle: Created by Creator, Viewed by Approver, Deleted by Admin","","","","✅ Passed","09 Jun 2026, 04:08:32 pm","09 Jun 2026, 04:08:35 pm","3.07 s","Chromium","","—","—","Normal"
"","🔄 CROSS_FLOW_ITEM_LIFECYCLE: Item Information Lifecycle: Created by Creator, Viewed by Approver, Deleted by Admin","","","","✅ Passed","09 Jun 2026, 04:08:33 pm","09 Jun 2026, 04:08:36 pm","3.50 s","Chromium","","—","—","Normal"
"","🔄 CROSS_FLOW_BUYER_LIFECYCLE: Buyer Lifecycle: Created by Creator, Viewed by Approver, Deleted by Admin","","","","✅ Passed","09 Jun 2026, 04:08:32 pm","09 Jun 2026, 04:08:36 pm","3.91 s","Chromium","","—","—","Normal"
"","🔄 CROSS_FLOW_PAYEE_LIFECYCLE: Payee Lifecycle: Created by Creator, Viewed by Approver, Deleted by Admin","","","","✅ Passed","09 Jun 2026, 04:08:32 pm","09 Jun 2026, 04:08:35 pm","2.79 s","Chromium","","—","—","Normal"
"API_AUDIT_SEARCH_001","Smoke: Super Admin can search audit logs","Super Admin can search audit logs","API Api.data.json","Normal","❌ Failed","09 Jun 2026, 04:07:56 pm","09 Jun 2026, 04:07:56 pm","0.55 s","Chromium","api.data.json","2026-06-01","2026-06-01","Normal"
"API_AUTH_COMPANY_001","Login: SkyCargo Admin","SkyCargo Admin","API Auth.data.json","Normal","✅ Passed","09 Jun 2026, 04:08:05 pm","09 Jun 2026, 04:08:05 pm","0.45 s","Chromium","auth.data.json","2026-06-01","2026-06-01","Normal"
"API_AUTH_EDGE_001","Auth: Admin login with wrong password returns 401","Admin login with wrong password returns 401","API Auth.data.json","Normal","✅ Passed","09 Jun 2026, 04:08:05 pm","09 Jun 2026, 04:08:05 pm","0.32 s","Chromium","auth.data.json","2026-06-01","2026-06-01","Normal"
"API_AUTH_EDGE_002","Auth: Admin login with unknown email returns 401","Admin login with unknown email returns 401","API Auth.data.json","Normal","✅ Passed","09 Jun 2026, 04:08:07 pm","09 Jun 2026, 04:08:07 pm","0.20 s","Chromium","auth.data.json","2026-06-01","2026-06-01","Normal"
"API_AUTH_EDGE_003","Auth: Tenant login with non-existent tenant ID returns 404","Tenant login with non-existent tenant ID returns 404","API Auth.data.json","Normal","✅ Passed","09 Jun 2026, 04:08:05 pm","09 Jun 2026, 04:08:05 pm","0.16 s","Chromium","auth.data.json","2026-06-01","2026-06-01","Normal"
"API_AUTH_EDGE_004","Auth: Company login with wrong X-Company-Id header returns 401","Company login with wrong X-Company-Id header returns 401","API Auth.data.json","Normal","✅ Passed","09 Jun 2026, 04:08:05 pm","09 Jun 2026, 04:08:05 pm","0.22 s","Chromium","auth.data.json","2026-06-01","2026-06-01","Normal"
"API_AUTH_EDGE_005","Auth: Company login with missing X-Company-Id header returns 400","Company login with missing X-Company-Id header returns 400","API Auth.data.json","Normal","❌ Failed","09 Jun 2026, 04:08:05 pm","09 Jun 2026, 04:08:05 pm","0.06 s","Chromium","auth.data.json","2026-06-01","2026-06-01","Normal"
"API_AUTH_EDGE_006","Auth: Admin login with empty body returns 400","Admin login with empty body returns 400","API Auth.data.json","Normal","✅ Passed","09 Jun 2026, 04:08:05 pm","09 Jun 2026, 04:08:05 pm","0.12 s","Chromium","auth.data.json","2026-06-01","2026-06-01","Normal"
"API_AUTH_PLATFORM_001","Login: Platform Admin","Platform Admin","API Auth.data.json","Normal","✅ Passed","09 Jun 2026, 04:08:06 pm","09 Jun 2026, 04:08:07 pm","0.35 s","Chromium","auth.data.json","2026-06-01","2026-06-01","Normal"
"API_AUTH_TENANT_001","Login: Tenant Admin","Tenant Admin","API Auth.data.json","Normal","✅ Passed","09 Jun 2026, 04:08:05 pm","09 Jun 2026, 04:08:05 pm","0.38 s","Chromium","auth.data.json","2026-06-01","2026-06-01","Normal"
"API_BATCH_DET_001","Smoke: View advanced batch details","View advanced batch details","API Api.data.json","Normal","❌ Failed","09 Jun 2026, 04:07:59 pm","09 Jun 2026, 04:08:00 pm","0.64 s","Chromium","api.data.json","2026-06-01","2026-06-01","Normal"
"API_BULK_TMPL_001","Extended: Download Bulk Invoice Template (REPEATED_HEADER)","Download Bulk Invoice Template (REPEATED_HEADER)","API Extended.data.json","Normal","✅ Passed","09 Jun 2026, 04:08:37 pm","09 Jun 2026, 04:08:39 pm","1.11 s","Chromium","extended.data.json","2026-06-01","2026-06-01","Normal"
"API_BULK_TMPL_002","Extended: Download Bulk Invoice Template (SINGLE_HEADER)","Download Bulk Invoice Template (SINGLE_HEADER)","API Extended.data.json","Normal","❌ Failed","09 Jun 2026, 04:08:36 pm","09 Jun 2026, 04:08:36 pm","0.29 s","Chromium","extended.data.json","2026-06-01","2026-06-01","Normal"
"API_BUYER_COMPANY_COMPANY_2_ADMIN_RESTRICTED","COMPANY_2_ADMIN should return 403 (RESTRICTED)","","","","✅ Passed","09 Jun 2026, 04:08:45 pm","09 Jun 2026, 04:08:45 pm","0.28 s","Chromium","","—","—","Normal"
"API_BUYER_COMPANY_COMPANY_ADMIN_PERMISSION","COMPANY_ADMIN should return 200 (PERMISSION)","","","","✅ Passed","09 Jun 2026, 04:08:44 pm","09 Jun 2026, 04:08:45 pm","0.69 s","Chromium","","—","—","Normal"
"API_BUYER_COMPANY_COMPANY_VIEWER_PERMISSION","COMPANY_VIEWER should return 200 (PERMISSION)","","","","✅ Passed","09 Jun 2026, 04:08:44 pm","09 Jun 2026, 04:08:45 pm","0.41 s","Chromium","","—","—","Normal"
"API_BUYER_COMPANY_INVOICE_APPROVER_2_RESTRICTED","INVOICE_APPROVER_2 should return 403 (RESTRICTED)","","","","✅ Passed","09 Jun 2026, 04:08:45 pm","09 Jun 2026, 04:08:46 pm","0.59 s","Chromium","","—","—","Normal"
"API_BUYER_COMPANY_INVOICE_APPROVER_PERMISSION","INVOICE_APPROVER should return 200 (PERMISSION)","","","","✅ Passed","09 Jun 2026, 04:08:45 pm","09 Jun 2026, 04:08:45 pm","0.55 s","Chromium","","—","—","Normal"
"API_BUYER_COMPANY_INVOICE_CREATOR_2_RESTRICTED","INVOICE_CREATOR_2 should return 403 (RESTRICTED)","","","","✅ Passed","09 Jun 2026, 04:08:45 pm","09 Jun 2026, 04:08:46 pm","0.52 s","Chromium","","—","—","Normal"
"API_BUYER_COMPANY_INVOICE_CREATOR_PERMISSION","INVOICE_CREATOR should return 200 (PERMISSION)","","","","✅ Passed","09 Jun 2026, 04:08:45 pm","09 Jun 2026, 04:08:45 pm","0.68 s","Chromium","","—","—","Normal"
"API_BUYER_COMPANY_SUPER_ADMIN_PERMISSION","SUPER_ADMIN should return 200 (PERMISSION)","","","","✅ Passed","09 Jun 2026, 04:08:44 pm","09 Jun 2026, 04:08:44 pm","0.24 s","Chromium","","—","—","Normal"
"API_BUYER_COMPANY_TENANT_2_ADMIN_RESTRICTED","TENANT_2_ADMIN should return 403 (RESTRICTED)","","","","❌ Failed","09 Jun 2026, 04:08:45 pm","09 Jun 2026, 04:08:50 pm","4.76 s","Chromium","","—","—","Normal"
"API_BUYER_COMPANY_TENANT_ADMIN_PERMISSION","TENANT_ADMIN should return 200 (PERMISSION)","","","","✅ Passed","09 Jun 2026, 04:08:44 pm","09 Jun 2026, 04:08:45 pm","0.56 s","Chromium","","—","—","Normal"
"API_BUYER_COMPANY_TENANT_VIEWER_PERMISSION","TENANT_VIEWER should return 200 (PERMISSION)","","","","✅ Passed","09 Jun 2026, 04:08:44 pm","09 Jun 2026, 04:08:45 pm","0.32 s","Chromium","","—","—","Normal"
"API_BUYER_CREATE_COMPANY_3_ADMIN_RESTRICTED","COMPANY_3_ADMIN should return 403 (RESTRICTED)","","","","✅ Passed","09 Jun 2026, 04:08:41 pm","09 Jun 2026, 04:08:42 pm","0.78 s","Chromium","","—","—","Normal"
"API_BUYER_CREATE_COMPANY_ADMIN_PERMISSION","COMPANY_ADMIN should return 201 (PERMISSION)","","","","✅ Passed","09 Jun 2026, 04:08:40 pm","09 Jun 2026, 04:08:42 pm","2.39 s","Chromium","","—","—","Normal"
"API_BUYER_CREATE_COMPANY_VIEWER_PERMISSION","COMPANY_VIEWER should return 201 (PERMISSION)","","","","✅ Passed","09 Jun 2026, 04:08:39 pm","09 Jun 2026, 04:08:41 pm","2.55 s","Chromium","","—","—","Normal"
"API_BUYER_CREATE_INVALID_DATA_SUPER_ADMIN_PERMISSION","SUPER_ADMIN should return 400 (PERMISSION)","","","","✅ Passed","09 Jun 2026, 04:08:41 pm","09 Jun 2026, 04:08:42 pm","0.40 s","Chromium","","—","—","Normal"
"API_BUYER_CREATE_INVOICE_APPROVER_PERMISSION","INVOICE_APPROVER should return 201 (PERMISSION)","","","","✅ Passed","09 Jun 2026, 04:08:39 pm","09 Jun 2026, 04:08:41 pm","1.76 s","Chromium","","—","—","Normal"
"API_BUYER_CREATE_INVOICE_CREATOR_2_RESTRICTED","INVOICE_CREATOR_2 should return 403 (RESTRICTED)","","","","✅ Passed","09 Jun 2026, 04:08:40 pm","09 Jun 2026, 04:08:41 pm","1.21 s","Chromium","","—","—","Normal"
"API_BUYER_CREATE_INVOICE_CREATOR_PERMISSION","INVOICE_CREATOR should return 201 (PERMISSION)","","","","✅ Passed","09 Jun 2026, 04:08:40 pm","09 Jun 2026, 04:08:42 pm","2.12 s","Chromium","","—","—","Normal"
"API_BUYER_CREATE_NEGATIVE_DATA_SUPER_ADMIN_PERMISSION","SUPER_ADMIN should return 400 (PERMISSION)","","","","✅ Passed","09 Jun 2026, 04:08:41 pm","09 Jun 2026, 04:08:41 pm","0.18 s","Chromium","","—","—","Normal"
"API_BUYER_CREATE_SUPER_ADMIN_PERMISSION","SUPER_ADMIN should return 201 (PERMISSION)","","","","✅ Passed","09 Jun 2026, 04:08:40 pm","09 Jun 2026, 04:08:41 pm","1.73 s","Chromium","","—","—","Normal"
"API_BUYER_CREATE_TENANT_2_ADMIN_RESTRICTED","TENANT_2_ADMIN should return 403 (RESTRICTED)","","","","❌ Failed","09 Jun 2026, 04:08:41 pm","09 Jun 2026, 04:08:46 pm","4.86 s","Chromium","","—","—","Normal"
"API_BUYER_CREATE_TENANT_ADMIN_PERMISSION","TENANT_ADMIN should return 201 (PERMISSION)","","","","✅ Passed","09 Jun 2026, 04:08:38 pm","09 Jun 2026, 04:08:39 pm","1.67 s","Chromium","","—","—","Normal"
"API_BUYER_CREATE_TENANT_VIEWER_PERMISSION","TENANT_VIEWER should return 201 (PERMISSION)","","","","✅ Passed","09 Jun 2026, 04:08:39 pm","09 Jun 2026, 04:08:41 pm","2.35 s","Chromium","","—","—","Normal"
"API_BUYER_GET_BY_ID_COMPANY_2_ADMIN_RESTRICTED","COMPANY_2_ADMIN should return 403 (RESTRICTED)","","","","✅ Passed","09 Jun 2026, 04:08:47 pm","09 Jun 2026, 04:08:47 pm","0.28 s","Chromium","","—","—","Normal"
"API_BUYER_GET_BY_ID_COMPANY_ADMIN_PERMISSION","COMPANY_ADMIN should return 200 (PERMISSION)","","","","✅ Passed","09 Jun 2026, 04:08:46 pm","09 Jun 2026, 04:08:47 pm","0.85 s","Chromium","","—","—","Normal"
"API_BUYER_GET_BY_ID_COMPANY_VIEWER_PERMISSION","COMPANY_VIEWER should return 200 (PERMISSION)","","","","✅ Passed","09 Jun 2026, 04:08:47 pm","09 Jun 2026, 04:08:48 pm","0.93 s","Chromium","","—","—","Normal"
"API_BUYER_GET_BY_ID_INVOICE_APPROVER_2_RESTRICTED","INVOICE_APPROVER_2 should return 403 (RESTRICTED)","","","","✅ Passed","09 Jun 2026, 04:08:48 pm","09 Jun 2026, 04:08:49 pm","0.67 s","Chromium","","—","—","Normal"
"API_BUYER_GET_BY_ID_INVOICE_APPROVER_PERMISSION","INVOICE_APPROVER should return 200 (PERMISSION)","","","","✅ Passed","09 Jun 2026, 04:08:46 pm","09 Jun 2026, 04:08:47 pm","0.94 s","Chromium","","—","—","Normal"
"API_BUYER_GET_BY_ID_INVOICE_CREATOR_2_RESTRICTED","INVOICE_CREATOR_2 should return 403 (RESTRICTED)","","","","✅ Passed","09 Jun 2026, 04:08:47 pm","09 Jun 2026, 04:08:47 pm","0.27 s","Chromium","","—","—","Normal"
"API_BUYER_GET_BY_ID_INVOICE_CREATOR_PERMISSION","INVOICE_CREATOR should return 200 (PERMISSION)","","","","✅ Passed","09 Jun 2026, 04:08:46 pm","09 Jun 2026, 04:08:47 pm","0.51 s","Chromium","","—","—","Normal"
"API_BUYER_GET_BY_ID_SUPER_ADMIN_PERMISSION","SUPER_ADMIN should return 200 (PERMISSION)","","","","✅ Passed","09 Jun 2026, 04:08:45 pm","09 Jun 2026, 04:08:46 pm","0.38 s","Chromium","","—","—","Normal"
"API_BUYER_GET_BY_ID_TENANT_2_ADMIN_RESTRICTED","TENANT_2_ADMIN should return 403 (RESTRICTED)","","","","❌ Failed","09 Jun 2026, 04:08:47 pm","09 Jun 2026, 04:08:52 pm","5.29 s","Chromium","","—","—","Normal"
"API_BUYER_GET_BY_ID_TENANT_ADMIN_PERMISSION","TENANT_ADMIN should return 200 (PERMISSION)","","","","✅ Passed","09 Jun 2026, 04:08:46 pm","09 Jun 2026, 04:08:46 pm","0.72 s","Chromium","","—","—","Normal"
"API_BUYER_GET_BY_ID_TENANT_VIEWER_PERMISSION","TENANT_VIEWER should return 200 (PERMISSION)","","","","✅ Passed","09 Jun 2026, 04:08:46 pm","09 Jun 2026, 04:08:46 pm","0.59 s","Chromium","","—","—","Normal"
"API_BUYER_LIST_COMPANY_2_ADMIN_RESTRICTED","COMPANY_2_ADMIN should return 403 (RESTRICTED)","","","","✅ Passed","09 Jun 2026, 04:08:43 pm","09 Jun 2026, 04:08:44 pm","0.54 s","Chromium","","—","—","Normal"
"API_BUYER_LIST_COMPANY_ADMIN_PERMISSION","COMPANY_ADMIN should return 200 (PERMISSION)","","","","✅ Passed","09 Jun 2026, 04:08:43 pm","09 Jun 2026, 04:08:44 pm","0.39 s","Chromium","","—","—","Normal"
"API_BUYER_LIST_COMPANY_VIEWER_PERMISSION","COMPANY_VIEWER should return 200 (PERMISSION)","","","","✅ Passed","09 Jun 2026, 04:08:43 pm","09 Jun 2026, 04:08:44 pm","0.78 s","Chromium","","—","—","Normal"
"API_BUYER_LIST_INVOICE_APPROVER_2_RESTRICTED","INVOICE_APPROVER_2 should return 403 (RESTRICTED)","","","","✅ Passed","09 Jun 2026, 04:08:44 pm","09 Jun 2026, 04:08:44 pm","0.53 s","Chromium","","—","—","Normal"
"API_BUYER_LIST_INVOICE_APPROVER_PERMISSION","INVOICE_APPROVER should return 200 (PERMISSION)","","","","✅ Passed","09 Jun 2026, 04:08:43 pm","09 Jun 2026, 04:08:44 pm","0.69 s","Chromium","","—","—","Normal"
"API_BUYER_LIST_INVOICE_CREATOR_2_RESTRICTED","INVOICE_CREATOR_2 should return 403 (RESTRICTED)","","","","✅ Passed","09 Jun 2026, 04:08:44 pm","09 Jun 2026, 04:08:44 pm","0.57 s","Chromium","","—","—","Normal"
"API_BUYER_LIST_INVOICE_CREATOR_PERMISSION","INVOICE_CREATOR should return 200 (PERMISSION)","","","","✅ Passed","09 Jun 2026, 04:08:43 pm","09 Jun 2026, 04:08:44 pm","0.62 s","Chromium","","—","—","Normal"
"API_BUYER_LIST_SUPER_ADMIN_PERMISSION","SUPER_ADMIN should return 200 (PERMISSION)","","","","✅ Passed","09 Jun 2026, 04:08:43 pm","09 Jun 2026, 04:08:43 pm","0.51 s","Chromium","","—","—","Normal"
"API_BUYER_LIST_TENANT_2_ADMIN_RESTRICTED","TENANT_2_ADMIN should return 403 (RESTRICTED)","","","","❌ Failed","09 Jun 2026, 04:08:44 pm","09 Jun 2026, 04:08:48 pm","4.55 s","Chromium","","—","—","Normal"
"API_BUYER_LIST_TENANT_ADMIN_PERMISSION","TENANT_ADMIN should return 200 (PERMISSION)","","","","✅ Passed","09 Jun 2026, 04:08:43 pm","09 Jun 2026, 04:08:43 pm","0.70 s","Chromium","","—","—","Normal"
"API_BUYER_LIST_TENANT_VIEWER_PERMISSION","TENANT_VIEWER should return 200 (PERMISSION)","","","","✅ Passed","09 Jun 2026, 04:08:43 pm","09 Jun 2026, 04:08:43 pm","0.61 s","Chromium","","—","—","Normal"
"API_BUYER_SEARCH_COMPANY_2_ADMIN_RESTRICTED","COMPANY_2_ADMIN should return 403 (RESTRICTED)","","","","✅ Passed","09 Jun 2026, 04:08:42 pm","09 Jun 2026, 04:08:43 pm","0.56 s","Chromium","","—","—","Normal"
"API_BUYER_SEARCH_COMPANY_ADMIN_PERMISSION","COMPANY_ADMIN should return 200 (PERMISSION)","","","","✅ Passed","09 Jun 2026, 04:08:42 pm","09 Jun 2026, 04:08:43 pm","0.66 s","Chromium","","—","—","Normal"
"API_BUYER_SEARCH_COMPANY_VIEWER_PERMISSION","COMPANY_VIEWER should return 200 (PERMISSION)","","","","✅ Passed","09 Jun 2026, 04:08:42 pm","09 Jun 2026, 04:08:43 pm","0.67 s","Chromium","","—","—","Normal"
"API_BUYER_SEARCH_INVOICE_APPROVER_2_RESTRICTED","INVOICE_APPROVER_2 should return 403 (RESTRICTED)","","","","✅ Passed","09 Jun 2026, 04:08:43 pm","09 Jun 2026, 04:08:43 pm","0.72 s","Chromium","","—","—","Normal"
"API_BUYER_SEARCH_INVOICE_APPROVER_PERMISSION","INVOICE_APPROVER should return 200 (PERMISSION)","","","","✅ Passed","09 Jun 2026, 04:08:42 pm","09 Jun 2026, 04:08:43 pm","0.66 s","Chromium","","—","—","Normal"
"API_BUYER_SEARCH_INVOICE_CREATOR_2_RESTRICTED","INVOICE_CREATOR_2 should return 403 (RESTRICTED)","","","","✅ Passed","09 Jun 2026, 04:08:43 pm","09 Jun 2026, 04:08:43 pm","0.59 s","Chromium","","—","—","Normal"
"API_BUYER_SEARCH_INVOICE_CREATOR_PERMISSION","INVOICE_CREATOR should return 200 (PERMISSION)","","","","✅ Passed","09 Jun 2026, 04:08:42 pm","09 Jun 2026, 04:08:43 pm","0.67 s","Chromium","","—","—","Normal"
"API_BUYER_SEARCH_SUPER_ADMIN_PERMISSION","SUPER_ADMIN should return 200 (PERMISSION)","","","","✅ Passed","09 Jun 2026, 04:08:41 pm","09 Jun 2026, 04:08:42 pm","0.50 s","Chromium","","—","—","Normal"
"API_BUYER_SEARCH_TENANT_2_ADMIN_RESTRICTED","TENANT_2_ADMIN should return 403 (RESTRICTED)","","","","❌ Failed","09 Jun 2026, 04:08:42 pm","09 Jun 2026, 04:08:47 pm","4.65 s","Chromium","","—","—","Normal"
"API_BUYER_SEARCH_TENANT_ADMIN_PERMISSION","TENANT_ADMIN should return 200 (PERMISSION)","","","","✅ Passed","09 Jun 2026, 04:08:41 pm","09 Jun 2026, 04:08:42 pm","0.62 s","Chromium","","—","—","Normal"
"API_BUYER_SEARCH_TENANT_VIEWER_PERMISSION","TENANT_VIEWER should return 200 (PERMISSION)","","","","✅ Passed","09 Jun 2026, 04:08:42 pm","09 Jun 2026, 04:08:42 pm","0.73 s","Chromium","","—","—","Normal"
"API_BUYER_STATUS_PATCH_COMPANY_ADMIN_PERMISSION","COMPANY_ADMIN should return 200 (PERMISSION)","","","","✅ Passed","09 Jun 2026, 04:08:49 pm","09 Jun 2026, 04:08:50 pm","0.78 s","Chromium","","—","—","Normal"
"API_BUYER_STATUS_PATCH_COMPANY_VIEWER_PERMISSION","COMPANY_VIEWER should return 200 (PERMISSION)","","","","✅ Passed","09 Jun 2026, 04:08:50 pm","09 Jun 2026, 04:08:50 pm","0.52 s","Chromium","","—","—","Normal"
"API_BUYER_STATUS_PATCH_INVOICE_APPROVER_2_RESTRICTED","INVOICE_APPROVER_2 should return 403 (RESTRICTED)","","","","✅ Passed","09 Jun 2026, 04:08:51 pm","09 Jun 2026, 04:08:51 pm","0.24 s","Chromium","","—","—","Normal"
"API_BUYER_STATUS_PATCH_INVOICE_APPROVER_PERMISSION","INVOICE_APPROVER should return 200 (PERMISSION)","","","","✅ Passed","09 Jun 2026, 04:08:50 pm","09 Jun 2026, 04:08:51 pm","0.97 s","Chromium","","—","—","Normal"
"API_BUYER_STATUS_PATCH_INVOICE_CREATOR_2_RESTRICTED","INVOICE_CREATOR_2 should return 403 (RESTRICTED)","","","","✅ Passed","09 Jun 2026, 04:08:50 pm","09 Jun 2026, 04:08:50 pm","0.24 s","Chromium","","—","—","Normal"
"API_BUYER_STATUS_PATCH_INVOICE_CREATOR_PERMISSION","INVOICE_CREATOR should return 200 (PERMISSION)","","","","✅ Passed","09 Jun 2026, 04:08:51 pm","09 Jun 2026, 04:08:52 pm","0.99 s","Chromium","","—","—","Normal"
"API_BUYER_STATUS_PATCH_SUPER_ADMIN_PERMISSION","SUPER_ADMIN should return 200 (PERMISSION)","","","","✅ Passed","09 Jun 2026, 04:08:49 pm","09 Jun 2026, 04:08:50 pm","0.60 s","Chromium","","—","—","Normal"
"API_BUYER_STATUS_PATCH_TENANT_2_ADMIN_RESTRICTED","TENANT_2_ADMIN should return 403 (RESTRICTED)","","","","❌ Failed","09 Jun 2026, 04:08:50 pm","09 Jun 2026, 04:08:55 pm","4.65 s","Chromium","","—","—","Normal"
"API_BUYER_STATUS_PATCH_TENANT_ADMIN_PERMISSION","TENANT_ADMIN should return 200 (PERMISSION)","","","","✅ Passed","09 Jun 2026, 04:08:49 pm","09 Jun 2026, 04:08:50 pm","0.71 s","Chromium","","—","—","Normal"
"API_BUYER_STATUS_PATCH_TENANT_VIEWER_PERMISSION","TENANT_VIEWER should return 200 (PERMISSION)","","","","✅ Passed","09 Jun 2026, 04:08:50 pm","09 Jun 2026, 04:08:51 pm","0.81 s","Chromium","","—","—","Normal"
"API_BUYER_TEMPLATE_GET_COMPANY_2_ADMIN_RESTRICTED","COMPANY_2_ADMIN should return 403 (RESTRICTED)","","","","✅ Passed","09 Jun 2026, 04:08:49 pm","09 Jun 2026, 04:08:49 pm","0.32 s","Chromium","","—","—","Normal"
"API_BUYER_TEMPLATE_GET_COMPANY_ADMIN_PERMISSION","COMPANY_ADMIN should return 200 (PERMISSION)","","","","✅ Passed","09 Jun 2026, 04:08:48 pm","09 Jun 2026, 04:08:48 pm","0.63 s","Chromium","","—","—","Normal"
"API_BUYER_TEMPLATE_GET_COMPANY_VIEWER_PERMISSION","COMPANY_VIEWER should return 200 (PERMISSION)","","","","✅ Passed","09 Jun 2026, 04:08:49 pm","09 Jun 2026, 04:08:50 pm","0.81 s","Chromium","","—","—","Normal"
"API_BUYER_TEMPLATE_GET_INVOICE_APPROVER_2_RESTRICTED","INVOICE_APPROVER_2 should return 403 (RESTRICTED)","","","","✅ Passed","09 Jun 2026, 04:08:49 pm","09 Jun 2026, 04:08:49 pm","0.27 s","Chromium","","—","—","Normal"
"API_BUYER_TEMPLATE_GET_INVOICE_APPROVER_PERMISSION","INVOICE_APPROVER should return 200 (PERMISSION)","","","","✅ Passed","09 Jun 2026, 04:08:48 pm","09 Jun 2026, 04:08:49 pm","0.54 s","Chromium","","—","—","Normal"
"API_BUYER_TEMPLATE_GET_INVOICE_CREATOR_2_RESTRICTED","INVOICE_CREATOR_2 should return 403 (RESTRICTED)","","","","✅ Passed","09 Jun 2026, 04:08:49 pm","09 Jun 2026, 04:08:49 pm","0.25 s","Chromium","","—","—","Normal"
"API_BUYER_TEMPLATE_GET_INVOICE_CREATOR_PERMISSION","INVOICE_CREATOR should return 200 (PERMISSION)","","","","✅ Passed","09 Jun 2026, 04:08:48 pm","09 Jun 2026, 04:08:49 pm","0.98 s","Chromium","","—","—","Normal"
"API_BUYER_TEMPLATE_GET_SUPER_ADMIN_PERMISSION","SUPER_ADMIN should return 200 (PERMISSION)","","","","✅ Passed","09 Jun 2026, 04:08:47 pm","09 Jun 2026, 04:08:48 pm","0.60 s","Chromium","","—","—","Normal"
"API_BUYER_TEMPLATE_GET_TENANT_2_ADMIN_RESTRICTED","TENANT_2_ADMIN should return 403 (RESTRICTED)","","","","❌ Failed","09 Jun 2026, 04:08:49 pm","09 Jun 2026, 04:08:54 pm","5.04 s","Chromium","","—","—","Normal"
"API_BUYER_TEMPLATE_GET_TENANT_ADMIN_PERMISSION","TENANT_ADMIN should return 200 (PERMISSION)","","","","✅ Passed","09 Jun 2026, 04:08:47 pm","09 Jun 2026, 04:08:48 pm","0.43 s","Chromium","","—","—","Normal"
"API_BUYER_TEMPLATE_GET_TENANT_VIEWER_PERMISSION","TENANT_VIEWER should return 200 (PERMISSION)","","","","✅ Passed","09 Jun 2026, 04:08:48 pm","09 Jun 2026, 04:08:48 pm","0.45 s","Chromium","","—","—","Normal"
"API_BUYER_UPDATE_COMPANY_ADMIN_PERMISSION","COMPANY_ADMIN should return 200 (PERMISSION)","","","","✅ Passed","09 Jun 2026, 04:08:51 pm","09 Jun 2026, 04:08:52 pm","0.64 s","Chromium","","—","—","Normal"
"API_BUYER_UPDATE_COMPANY_VIEWER_PERMISSION","COMPANY_VIEWER should return 200 (PERMISSION)","","","","✅ Passed","09 Jun 2026, 04:08:51 pm","09 Jun 2026, 04:08:52 pm","0.80 s","Chromium","","—","—","Normal"
"API_BUYER_UPDATE_INVOICE_APPROVER_2_RESTRICTED","INVOICE_APPROVER_2 should return 403 (RESTRICTED)","","","","✅ Passed","09 Jun 2026, 04:08:53 pm","09 Jun 2026, 04:08:54 pm","0.58 s","Chromium","","—","—","Normal"
"API_BUYER_UPDATE_INVOICE_APPROVER_PERMISSION","INVOICE_APPROVER should return 200 (PERMISSION)","","","","✅ Passed","09 Jun 2026, 04:08:52 pm","09 Jun 2026, 04:08:52 pm","0.74 s","Chromium","","—","—","Normal"
"API_BUYER_UPDATE_INVOICE_CREATOR_2_RESTRICTED","INVOICE_CREATOR_2 should return 403 (RESTRICTED)","","","","✅ Passed","09 Jun 2026, 04:08:52 pm","09 Jun 2026, 04:08:53 pm","0.62 s","Chromium","","—","—","Normal"
"API_BUYER_UPDATE_INVOICE_CREATOR_PERMISSION","INVOICE_CREATOR should return 200 (PERMISSION)","","","","✅ Passed","09 Jun 2026, 04:08:51 pm","09 Jun 2026, 04:08:52 pm","0.68 s","Chromium","","—","—","Normal"
"API_BUYER_UPDATE_SUPER_ADMIN_PERMISSION","SUPER_ADMIN should return 200 (PERMISSION)","","","","✅ Passed","09 Jun 2026, 04:08:51 pm","09 Jun 2026, 04:08:51 pm","0.79 s","Chromium","","—","—","Normal"
"API_BUYER_UPDATE_TENANT_2_ADMIN_RESTRICTED","TENANT_2_ADMIN should return 403 (RESTRICTED)","","","","❌ Failed","09 Jun 2026, 04:08:52 pm","09 Jun 2026, 04:08:57 pm","4.55 s","Chromium","","—","—","Normal"
"API_BUYER_UPDATE_TENANT_ADMIN_PERMISSION","TENANT_ADMIN should return 200 (PERMISSION)","","","","✅ Passed","09 Jun 2026, 04:08:51 pm","09 Jun 2026, 04:08:51 pm","0.57 s","Chromium","","—","—","Normal"
"API_BUYER_UPDATE_TENANT_VIEWER_PERMISSION","TENANT_VIEWER should return 200 (PERMISSION)","","","","✅ Passed","09 Jun 2026, 04:08:52 pm","09 Jun 2026, 04:08:53 pm","0.89 s","Chromium","","—","—","Normal"
"API_COMP_BRAND_001","Smoke: Get company branding data","Get company branding data","API Api.data.json","Normal","❌ Failed","09 Jun 2026, 04:07:59 pm","09 Jun 2026, 04:08:00 pm","1.01 s","Chromium","api.data.json","2026-06-01","2026-06-01","Normal"
"API_COMPANY_CREATE_COMPANY_ADMIN_RESTRICTED","COMPANY_ADMIN should return 403 (RESTRICTED)","","","","❌ Failed","09 Jun 2026, 04:08:59 pm","09 Jun 2026, 04:09:01 pm","1.51 s","Chromium","","—","—","Normal"
"API_COMPANY_CREATE_COMPANY_VIEWER_RESTRICTED","COMPANY_VIEWER should return 403 (RESTRICTED)","","","","❌ Failed","09 Jun 2026, 04:08:59 pm","09 Jun 2026, 04:08:59 pm","0.31 s","Chromium","","—","—","Normal"
"API_COMPANY_CREATE_INVOICE_APPROVER_RESTRICTED","INVOICE_APPROVER should return 403 (RESTRICTED)","","","","❌ Failed","09 Jun 2026, 04:09:01 pm","09 Jun 2026, 04:09:02 pm","0.97 s","Chromium","","—","—","Normal"
"API_COMPANY_CREATE_INVOICE_CREATOR_RESTRICTED","INVOICE_CREATOR should return 403 (RESTRICTED)","","","","❌ Failed","09 Jun 2026, 04:08:59 pm","09 Jun 2026, 04:09:01 pm","1.42 s","Chromium","","—","—","Normal"
"API_COMPANY_CREATE_NAGATIVE_SUPER_ADMIN_PERMISSION","SUPER_ADMIN should return 400 (PERMISSION)","","","","✅ Passed","09 Jun 2026, 04:09:02 pm","09 Jun 2026, 04:09:02 pm","0.59 s","Chromium","","—","—","Normal"
"API_COMPANY_CREATE_SUPER_ADMIN_PERMISSION","SUPER_ADMIN should return 201 (PERMISSION)","","","","❌ Failed","09 Jun 2026, 04:09:01 pm","09 Jun 2026, 04:09:01 pm","0.73 s","Chromium","","—","—","Normal"
"API_COMPANY_CREATE_TENANT_ADMIN_RESTRICTED","TENANT_ADMIN should return 403 (RESTRICTED)","","","","❌ Failed","09 Jun 2026, 04:08:59 pm","09 Jun 2026, 04:08:59 pm","0.44 s","Chromium","","—","—","Normal"
"API_COMPANY_CREATE_TENANT_VIEWER_RESTRICTED","TENANT_VIEWER should return 403 (RESTRICTED)","","","","❌ Failed","09 Jun 2026, 04:09:01 pm","09 Jun 2026, 04:09:02 pm","0.68 s","Chromium","","—","—","Normal"
"API_COMPANY_CREATE-1_TENANT_ADMIN_PERMISSION","TENANT_ADMIN should return 400 (PERMISSION)","","","","✅ Passed","09 Jun 2026, 04:09:02 pm","09 Jun 2026, 04:09:02 pm","0.71 s","Chromium","","—","—","Normal"
"API_COMPANY_GET_BY_CODE_COMPANY_2_ADMIN_RESTRICTED","COMPANY_2_ADMIN should return 403 (RESTRICTED)","","","","❌ Failed","09 Jun 2026, 04:08:58 pm","09 Jun 2026, 04:08:59 pm","0.73 s","Chromium","","—","—","Normal"
"API_COMPANY_GET_BY_CODE_COMPANY_3_ADMIN_RESTRICTED","COMPANY_3_ADMIN should return 403 (RESTRICTED)","","","","❌ Failed","09 Jun 2026, 04:08:58 pm","09 Jun 2026, 04:08:59 pm","0.71 s","Chromium","","—","—","Normal"
"API_COMPANY_GET_BY_CODE_COMPANY_ADMIN_PERMISSION","COMPANY_ADMIN should return 200 (PERMISSION)","","","","✅ Passed","09 Jun 2026, 04:08:57 pm","09 Jun 2026, 04:08:58 pm","0.83 s","Chromium","","—","—","Normal"
"API_COMPANY_GET_BY_CODE_COMPANY_VIEWER_PERMISSION","COMPANY_VIEWER should return 200 (PERMISSION)","","","","✅ Passed","09 Jun 2026, 04:08:58 pm","09 Jun 2026, 04:08:59 pm","1.43 s","Chromium","","—","—","Normal"
"API_COMPANY_GET_BY_CODE_INVOICE_APPROVER_2_RESTRICTED","INVOICE_APPROVER_2 should return 403 (RESTRICTED)","","","","❌ Failed","09 Jun 2026, 04:09:00 pm","09 Jun 2026, 04:09:01 pm","1.05 s","Chromium","","—","—","Normal"
"API_COMPANY_GET_BY_CODE_INVOICE_APPROVER_PERMISSION","INVOICE_APPROVER should return 200 (PERMISSION)","","","","✅ Passed","09 Jun 2026, 04:08:58 pm","09 Jun 2026, 04:08:59 pm","1.62 s","Chromium","","—","—","Normal"
"API_COMPANY_GET_BY_CODE_INVOICE_CREATOR_2_RESTRICTED","INVOICE_CREATOR_2 should return 403 (RESTRICTED)","","","","❌ Failed","09 Jun 2026, 04:08:58 pm","09 Jun 2026, 04:08:59 pm","0.81 s","Chromium","","—","—","Normal"
"API_COMPANY_GET_BY_CODE_INVOICE_CREATOR_PERMISSION","INVOICE_CREATOR should return 200 (PERMISSION)","","","","✅ Passed","09 Jun 2026, 04:08:58 pm","09 Jun 2026, 04:08:59 pm","1.15 s","Chromium","","—","—","Normal"
"API_COMPANY_GET_BY_CODE_SUPER_ADMIN_RESTRICTED","SUPER_ADMIN should return 403 (RESTRICTED)","","","","❌ Failed","09 Jun 2026, 04:08:58 pm","09 Jun 2026, 04:08:58 pm","0.56 s","Chromium","","—","—","Normal"
"API_COMPANY_GET_BY_CODE_TENANT_ADMIN_PERMISSION","TENANT_ADMIN should return 200 (PERMISSION)","","","","✅ Passed","09 Jun 2026, 04:08:57 pm","09 Jun 2026, 04:08:58 pm","0.70 s","Chromium","","—","—","Normal"
"API_COMPANY_GET_BY_CODE_TENANT_VIEWER_PERMISSION","TENANT_VIEWER should return 200 (PERMISSION)","","","","✅ Passed","09 Jun 2026, 04:08:57 pm","09 Jun 2026, 04:08:58 pm","1.15 s","Chromium","","—","—","Normal"
"API_COMPANY_GET_BY_ID_COMPANY_2_ADMIN_RESTRICTED","COMPANY_2_ADMIN should return 403 (RESTRICTED)","","","","✅ Passed","09 Jun 2026, 04:08:55 pm","09 Jun 2026, 04:08:56 pm","0.71 s","Chromium","","—","—","Normal"
"API_COMPANY_GET_BY_ID_COMPANY_3_ADMIN_RESTRICTED","COMPANY_3_ADMIN should return 403 (RESTRICTED)","","","","✅ Passed","09 Jun 2026, 04:08:54 pm","09 Jun 2026, 04:08:55 pm","0.64 s","Chromium","","—","—","Normal"
"API_COMPANY_GET_BY_ID_COMPANY_ADMIN_PERMISSION","COMPANY_ADMIN should return 200 (PERMISSION)","","","","✅ Passed","09 Jun 2026, 04:08:53 pm","09 Jun 2026, 04:08:54 pm","1.15 s","Chromium","","—","—","Normal"
"API_COMPANY_GET_BY_ID_COMPANY_VIEWER_PERMISSION","COMPANY_VIEWER should return 200 (PERMISSION)","","","","✅ Passed","09 Jun 2026, 04:08:53 pm","09 Jun 2026, 04:08:54 pm","1.18 s","Chromium","","—","—","Normal"
"API_COMPANY_GET_BY_ID_INVOICE_APPROVER_PERMISSION","INVOICE_APPROVER should return 200 (PERMISSION)","","","","✅ Passed","09 Jun 2026, 04:08:54 pm","09 Jun 2026, 04:08:55 pm","1.15 s","Chromium","","—","—","Normal"
"API_COMPANY_GET_BY_ID_INVOICE_CREATOR_PERMISSION","INVOICE_CREATOR should return 200 (PERMISSION)","","","","✅ Passed","09 Jun 2026, 04:08:53 pm","09 Jun 2026, 04:08:55 pm","1.11 s","Chromium","","—","—","Normal"
"API_COMPANY_GET_BY_ID_SUPER_ADMIN_PERMISSION","SUPER_ADMIN should return 200 (PERMISSION)","","","","✅ Passed","09 Jun 2026, 04:08:52 pm","09 Jun 2026, 04:08:53 pm","0.63 s","Chromium","","—","—","Normal"
"API_COMPANY_GET_BY_ID_TENANT_ADMIN_PERMISSION","TENANT_ADMIN should return 200 (PERMISSION)","","","","✅ Passed","09 Jun 2026, 04:08:53 pm","09 Jun 2026, 04:08:53 pm","0.91 s","Chromium","","—","—","Normal"
"API_COMPANY_GET_BY_ID_TENANT_VIEWER_PERMISSION","TENANT_VIEWER should return 200 (PERMISSION)","","","","✅ Passed","09 Jun 2026, 04:08:53 pm","09 Jun 2026, 04:08:54 pm","1.03 s","Chromium","","—","—","Normal"
"API_COMPANY_GET_BY_ID-01_COMPANY_2_ADMIN_RESTRICTED","COMPANY_2_ADMIN should return 403 (RESTRICTED)","","","","✅ Passed","09 Jun 2026, 04:08:55 pm","09 Jun 2026, 04:08:56 pm","0.76 s","Chromium","","—","—","Normal"
"API_COMPANY_GET_BY_ID-01_COMPANY_3_ADMIN_RESTRICTED","COMPANY_3_ADMIN should return 403 (RESTRICTED)","","","","✅ Passed","09 Jun 2026, 04:08:55 pm","09 Jun 2026, 04:08:56 pm","0.63 s","Chromium","","—","—","Normal"
"API_COMPANY_GET_BY_ID-01_COMPANY_ADMIN_PERMISSION","COMPANY_ADMIN should return 200 (PERMISSION)","","","","✅ Passed","09 Jun 2026, 04:08:55 pm","09 Jun 2026, 04:08:56 pm","0.87 s","Chromium","","—","—","Normal"
"API_COMPANY_GET_BY_ID-01_COMPANY_VIEWER_PERMISSION","COMPANY_VIEWER should return 200 (PERMISSION)","","","","✅ Passed","09 Jun 2026, 04:08:55 pm","09 Jun 2026, 04:08:57 pm","1.67 s","Chromium","","—","—","Normal"
"API_COMPANY_GET_BY_ID-01_INVOICE_APPROVER_2_RESTRICTED","INVOICE_APPROVER_2 should return 403 (RESTRICTED)","","","","✅ Passed","09 Jun 2026, 04:08:56 pm","09 Jun 2026, 04:08:57 pm","0.80 s","Chromium","","—","—","Normal"
"API_COMPANY_GET_BY_ID-01_INVOICE_APPROVER_PERMISSION","INVOICE_APPROVER should return 200 (PERMISSION)","","","","✅ Passed","09 Jun 2026, 04:08:55 pm","09 Jun 2026, 04:08:56 pm","0.92 s","Chromium","","—","—","Normal"
"API_COMPANY_GET_BY_ID-01_INVOICE_CREATOR_2_RESTRICTED","INVOICE_CREATOR_2 should return 403 (RESTRICTED)","","","","✅ Passed","09 Jun 2026, 04:08:56 pm","09 Jun 2026, 04:08:56 pm","0.70 s","Chromium","","—","—","Normal"
"API_COMPANY_GET_BY_ID-01_INVOICE_CREATOR_PERMISSION","INVOICE_CREATOR should return 200 (PERMISSION)","","","","✅ Passed","09 Jun 2026, 04:08:56 pm","09 Jun 2026, 04:08:58 pm","1.69 s","Chromium","","—","—","Normal"
"API_COMPANY_GET_BY_ID-01_SUPER_ADMIN_PERMISSION","SUPER_ADMIN should return 200 (PERMISSION)","","","","✅ Passed","09 Jun 2026, 04:08:54 pm","09 Jun 2026, 04:08:55 pm","0.82 s","Chromium","","—","—","Normal"
"API_COMPANY_GET_BY_ID-01_TENANT_ADMIN_PERMISSION","TENANT_ADMIN should return 200 (PERMISSION)","","","","✅ Passed","09 Jun 2026, 04:08:54 pm","09 Jun 2026, 04:08:55 pm","0.91 s","Chromium","","—","—","Normal"
"API_COMPANY_GET_BY_ID-01_TENANT_VIEWER_PERMISSION","TENANT_VIEWER should return 200 (PERMISSION)","","","","✅ Passed","09 Jun 2026, 04:08:55 pm","09 Jun 2026, 04:08:55 pm","0.93 s","Chromium","","—","—","Normal"
"API_COMPANY_GET_COMPANY_2_ADMIN_RESTRICTED","COMPANY_2_ADMIN should return 403 (RESTRICTED)","","","","✅ Passed","09 Jun 2026, 04:08:58 pm","09 Jun 2026, 04:08:59 pm","0.95 s","Chromium","","—","—","Normal"
"API_COMPANY_GET_COMPANY_3_ADMIN_RESTRICTED","COMPANY_3_ADMIN should return 403 (RESTRICTED)","","","","✅ Passed","09 Jun 2026, 04:08:57 pm","09 Jun 2026, 04:08:58 pm","0.63 s","Chromium","","—","—","Normal"
"API_COMPANY_GET_COMPANY_ADMIN_RESTRICTED","COMPANY_ADMIN should return 403 (RESTRICTED)","","","","✅ Passed","09 Jun 2026, 04:08:56 pm","09 Jun 2026, 04:08:57 pm","0.36 s","Chromium","","—","—","Normal"
"API_COMPANY_GET_COMPANY_VIEWER_RESTRICTED","COMPANY_VIEWER should return 403 (RESTRICTED)","","","","✅ Passed","09 Jun 2026, 04:08:57 pm","09 Jun 2026, 04:08:57 pm","0.47 s","Chromium","","—","—","Normal"
"API_COMPANY_GET_INVOICE_APPROVER_2_RESTRICTED","INVOICE_APPROVER_2 should return 403 (RESTRICTED)","","","","✅ Passed","09 Jun 2026, 04:08:57 pm","09 Jun 2026, 04:08:58 pm","0.34 s","Chromium","","—","—","Normal"
"API_COMPANY_GET_INVOICE_APPROVER_RESTRICTED","INVOICE_APPROVER should return 403 (RESTRICTED)","","","","✅ Passed","09 Jun 2026, 04:08:57 pm","09 Jun 2026, 04:08:57 pm","0.75 s","Chromium","","—","—","Normal"
"API_COMPANY_GET_INVOICE_CREATOR_2_RESTRICTED","INVOICE_CREATOR_2 should return 403 (RESTRICTED)","","","","✅ Passed","09 Jun 2026, 04:08:57 pm","09 Jun 2026, 04:08:58 pm","0.63 s","Chromium","","—","—","Normal"
"API_COMPANY_GET_INVOICE_CREATOR_RESTRICTED","INVOICE_CREATOR should return 403 (RESTRICTED)","","","","✅ Passed","09 Jun 2026, 04:08:57 pm","09 Jun 2026, 04:08:57 pm","0.70 s","Chromium","","—","—","Normal"
"API_COMPANY_GET_SUPER_ADMIN_PERMISSION","SUPER_ADMIN should return 200 (PERMISSION)","","","","✅ Passed","09 Jun 2026, 04:08:56 pm","09 Jun 2026, 04:08:57 pm","1.01 s","Chromium","","—","—","Normal"
"API_COMPANY_GET_TENANT_ADMIN_PERMISSION","TENANT_ADMIN should return 200 (PERMISSION)","","","","✅ Passed","09 Jun 2026, 04:08:56 pm","09 Jun 2026, 04:08:57 pm","1.09 s","Chromium","","—","—","Normal"
"API_COMPANY_GET_TENANT_VIEWER_PERMISSION","TENANT_VIEWER should return 200 (PERMISSION)","","","","✅ Passed","09 Jun 2026, 04:08:56 pm","09 Jun 2026, 04:08:57 pm","1.10 s","Chromium","","—","—","Normal"
"API_COMPANY_SEARCH_COMPANY_2_ADMIN_RESTRICTED","COMPANY_2_ADMIN should return 403 (RESTRICTED)","","","","✅ Passed","09 Jun 2026, 04:09:05 pm","09 Jun 2026, 04:09:05 pm","0.61 s","Chromium","","—","—","Normal"
"API_COMPANY_SEARCH_COMPANY_3_ADMIN_RESTRICTED","COMPANY_3_ADMIN should return 403 (RESTRICTED)","","","","✅ Passed","09 Jun 2026, 04:09:05 pm","09 Jun 2026, 04:09:06 pm","0.69 s","Chromium","","—","—","Normal"
"API_COMPANY_SEARCH_COMPANY_ADMIN_RESTRICTED","COMPANY_ADMIN should return 403 (RESTRICTED)","","","","✅ Passed","09 Jun 2026, 04:09:05 pm","09 Jun 2026, 04:09:06 pm","0.56 s","Chromium","","—","—","Normal"
"API_COMPANY_SEARCH_COMPANY_VIEWER_RESTRICTED","COMPANY_VIEWER should return 403 (RESTRICTED)","","","","✅ Passed","09 Jun 2026, 04:09:04 pm","09 Jun 2026, 04:09:05 pm","0.63 s","Chromium","","—","—","Normal"
"API_COMPANY_SEARCH_INVOICE_APPROVER_2_RESTRICTED","INVOICE_APPROVER_2 should return 403 (RESTRICTED)","","","","✅ Passed","09 Jun 2026, 04:09:05 pm","09 Jun 2026, 04:09:06 pm","0.58 s","Chromium","","—","—","Normal"
"API_COMPANY_SEARCH_INVOICE_APPROVER_RESTRICTED","INVOICE_APPROVER should return 403 (RESTRICTED)","","","","✅ Passed","09 Jun 2026, 04:09:05 pm","09 Jun 2026, 04:09:05 pm","0.59 s","Chromium","","—","—","Normal"
"API_COMPANY_SEARCH_INVOICE_CREATOR_2_RESTRICTED","INVOICE_CREATOR_2 should return 403 (RESTRICTED)","","","","✅ Passed","09 Jun 2026, 04:09:05 pm","09 Jun 2026, 04:09:05 pm","0.58 s","Chromium","","—","—","Normal"
"API_COMPANY_SEARCH_INVOICE_CREATOR_RESTRICTED","INVOICE_CREATOR should return 403 (RESTRICTED)","","","","✅ Passed","09 Jun 2026, 04:09:04 pm","09 Jun 2026, 04:09:05 pm","0.59 s","Chromium","","—","—","Normal"
"API_COMPANY_SEARCH_SUPER_ADMIN_PERMISSION","SUPER_ADMIN should return 200 (PERMISSION)","","","","✅ Passed","09 Jun 2026, 04:09:04 pm","09 Jun 2026, 04:09:05 pm","0.88 s","Chromium","","—","—","Normal"
"API_COMPANY_SEARCH_TENANT_ADMIN_PERMISSION","TENANT_ADMIN should return 200 (PERMISSION)","","","","✅ Passed","09 Jun 2026, 04:09:04 pm","09 Jun 2026, 04:09:05 pm","0.78 s","Chromium","","—","—","Normal"
"API_COMPANY_SEARCH_TENANT_VIEWER_PERMISSION","TENANT_VIEWER should return 200 (PERMISSION)","","","","✅ Passed","09 Jun 2026, 04:09:04 pm","09 Jun 2026, 04:09:05 pm","0.74 s","Chromium","","—","—","Normal"
"API_COMPANY_STATUS_PATCH_COMPANY_2_ADMIN_RESTRICTED","COMPANY_2_ADMIN should return 403 (RESTRICTED)","","","","✅ Passed","09 Jun 2026, 04:09:09 pm","09 Jun 2026, 04:09:10 pm","0.89 s","Chromium","","—","—","Normal"
"API_COMPANY_STATUS_PATCH_COMPANY_3_ADMIN_RESTRICTED","COMPANY_3_ADMIN should return 403 (RESTRICTED)","","","","✅ Passed","09 Jun 2026, 04:09:07 pm","09 Jun 2026, 04:09:08 pm","0.81 s","Chromium","","—","—","Normal"
"API_COMPANY_STATUS_PATCH_COMPANY_ADMIN_RESTRICTED","COMPANY_ADMIN should return 403 (RESTRICTED)","","","","✅ Passed","09 Jun 2026, 04:09:06 pm","09 Jun 2026, 04:09:07 pm","0.78 s","Chromium","","—","—","Normal"
"API_COMPANY_STATUS_PATCH_COMPANY_VIEWER_RESTRICTED","COMPANY_VIEWER should return 403 (RESTRICTED)","","","","✅ Passed","09 Jun 2026, 04:09:08 pm","09 Jun 2026, 04:09:09 pm","0.83 s","Chromium","","—","—","Normal"
"API_COMPANY_STATUS_PATCH_INVOICE_APPROVER_2_RESTRICTED","INVOICE_APPROVER_2 should return 403 (RESTRICTED)","","","","✅ Passed","09 Jun 2026, 04:09:09 pm","09 Jun 2026, 04:09:10 pm","0.80 s","Chromium","","—","—","Normal"
"API_COMPANY_STATUS_PATCH_INVOICE_APPROVER_RESTRICTED","INVOICE_APPROVER should return 403 (RESTRICTED)","","","","✅ Passed","09 Jun 2026, 04:09:07 pm","09 Jun 2026, 04:09:08 pm","0.87 s","Chromium","","—","—","Normal"
"API_COMPANY_STATUS_PATCH_INVOICE_CREATOR_2_RESTRICTED","INVOICE_CREATOR_2 should return 403 (RESTRICTED)","","","","✅ Passed","09 Jun 2026, 04:09:09 pm","09 Jun 2026, 04:09:10 pm","0.83 s","Chromium","","—","—","Normal"
"API_COMPANY_STATUS_PATCH_INVOICE_CREATOR_RESTRICTED","INVOICE_CREATOR should return 403 (RESTRICTED)","","","","✅ Passed","09 Jun 2026, 04:09:07 pm","09 Jun 2026, 04:09:08 pm","1.03 s","Chromium","","—","—","Normal"
"API_COMPANY_STATUS_PATCH_SUPER_ADMIN_PERMISSION","SUPER_ADMIN should return 200 (PERMISSION)","","","","❌ Failed","09 Jun 2026, 04:09:06 pm","09 Jun 2026, 04:09:07 pm","0.81 s","Chromium","","—","—","Normal"
"API_COMPANY_STATUS_PATCH_TENANT_ADMIN_PERMISSION","TENANT_ADMIN should return 200 (PERMISSION)","","","","❌ Failed","09 Jun 2026, 04:09:06 pm","09 Jun 2026, 04:09:07 pm","0.71 s","Chromium","","—","—","Normal"
"API_COMPANY_STATUS_PATCH_TENANT_VIEWER_RESTRICTED","TENANT_VIEWER should return 403 (RESTRICTED)","","","","❌ Failed","09 Jun 2026, 04:09:06 pm","09 Jun 2026, 04:09:07 pm","0.98 s","Chromium","","—","—","Normal"
"API_COMPANY_UPDATE_COMPANY_2_ADMIN_RESTRICTED","COMPANY_2_ADMIN should return 403 (RESTRICTED)","","","","✅ Passed","09 Jun 2026, 04:09:06 pm","09 Jun 2026, 04:09:06 pm","0.35 s","Chromium","","—","—","Normal"
"API_COMPANY_UPDATE_COMPANY_3_ADMIN_RESTRICTED","COMPANY_3_ADMIN should return 403 (RESTRICTED)","","","","✅ Passed","09 Jun 2026, 04:09:06 pm","09 Jun 2026, 04:09:06 pm","0.33 s","Chromium","","—","—","Normal"
"API_COMPANY_UPDATE_COMPANY_ADMIN_PERMISSION","COMPANY_ADMIN should return 200 (PERMISSION)","","","","✅ Passed","09 Jun 2026, 04:09:05 pm","09 Jun 2026, 04:09:07 pm","1.07 s","Chromium","","—","—","Normal"
"API_COMPANY_UPDATE_COMPANY_VIEWER_RESTRICTED","COMPANY_VIEWER should return 403 (RESTRICTED)","","","","❌ Failed","09 Jun 2026, 04:09:05 pm","09 Jun 2026, 04:09:06 pm","0.91 s","Chromium","","—","—","Normal"
"API_COMPANY_UPDATE_INVOICE_APPROVER_2_RESTRICTED","INVOICE_APPROVER_2 should return 403 (RESTRICTED)","","","","✅ Passed","09 Jun 2026, 04:09:06 pm","09 Jun 2026, 04:09:07 pm","0.63 s","Chromium","","—","—","Normal"
"API_COMPANY_UPDATE_INVOICE_APPROVER_RESTRICTED","INVOICE_APPROVER should return 403 (RESTRICTED)","","","","✅ Passed","09 Jun 2026, 04:09:06 pm","09 Jun 2026, 04:09:06 pm","0.63 s","Chromium","","—","—","Normal"
"API_COMPANY_UPDATE_INVOICE_CREATOR_2_RESTRICTED","INVOICE_CREATOR_2 should return 403 (RESTRICTED)","","","","✅ Passed","09 Jun 2026, 04:09:07 pm","09 Jun 2026, 04:09:08 pm","0.98 s","Chromium","","—","—","Normal"
"API_COMPANY_UPDATE_INVOICE_CREATOR_RESTRICTED","INVOICE_CREATOR should return 403 (RESTRICTED)","","","","✅ Passed","09 Jun 2026, 04:09:06 pm","09 Jun 2026, 04:09:06 pm","0.72 s","Chromium","","—","—","Normal"
"API_COMPANY_UPDATE_SUPER_ADMIN_PERMISSION","SUPER_ADMIN should return 200 (PERMISSION)","","","","✅ Passed","09 Jun 2026, 04:09:05 pm","09 Jun 2026, 04:09:06 pm","0.86 s","Chromium","","—","—","Normal"
"API_COMPANY_UPDATE_TENANT_ADMIN_PERMISSION","TENANT_ADMIN should return 200 (PERMISSION)","","","","✅ Passed","09 Jun 2026, 04:09:05 pm","09 Jun 2026, 04:09:06 pm","0.60 s","Chromium","","—","—","Normal"
"API_COMPANY_UPDATE_TENANT_VIEWER_RESTRICTED","TENANT_VIEWER should return 403 (RESTRICTED)","","","","❌ Failed","09 Jun 2026, 04:09:06 pm","09 Jun 2026, 04:09:06 pm","0.48 s","Chromium","","—","—","Normal"
"API_COMPANY_USER_CREATE_COMPANY_3_ADMIN_RESTRICTED","COMPANY_3_ADMIN should return 403 (RESTRICTED)","","","","✅ Passed","09 Jun 2026, 04:09:16 pm","09 Jun 2026, 04:09:16 pm","0.63 s","Chromium","","—","—","Normal"
"API_COMPANY_USER_CREATE_COMPANY_ADMIN_RESTRICTED","COMPANY_ADMIN should return 403 (RESTRICTED)","","","","✅ Passed","09 Jun 2026, 04:09:13 pm","09 Jun 2026, 04:09:14 pm","1.46 s","Chromium","","—","—","Normal"
"API_COMPANY_USER_CREATE_COMPANY_VIEWER_RESTRICTED","COMPANY_VIEWER should return 403 (RESTRICTED)","","","","✅ Passed","09 Jun 2026, 04:09:14 pm","09 Jun 2026, 04:09:15 pm","1.28 s","Chromium","","—","—","Normal"
"API_COMPANY_USER_CREATE_INVOICE_APPROVER_RESTRICTED","INVOICE_APPROVER should return 403 (RESTRICTED)","","","","✅ Passed","09 Jun 2026, 04:09:14 pm","09 Jun 2026, 04:09:15 pm","1.21 s","Chromium","","—","—","Normal"
"API_COMPANY_USER_CREATE_INVOICE_CREATOR_RESTRICTED","INVOICE_CREATOR should return 403 (RESTRICTED)","","","","✅ Passed","09 Jun 2026, 04:09:15 pm","09 Jun 2026, 04:09:16 pm","0.92 s","Chromium","","—","—","Normal"
"API_COMPANY_USER_CREATE_SUPER_ADMIN_PERMISSION","SUPER_ADMIN should return 201 (PERMISSION)","","","","✅ Passed","09 Jun 2026, 04:09:12 pm","09 Jun 2026, 04:09:15 pm","2.59 s","Chromium","","—","—","Normal"
"API_COMPANY_USER_CREATE_TENANT_2_ADMIN_RESTRICTED","TENANT_2_ADMIN should return 403 (RESTRICTED)","","","","❌ Failed","09 Jun 2026, 04:09:15 pm","09 Jun 2026, 04:09:20 pm","5.03 s","Chromium","","—","—","Normal"
"API_COMPANY_USER_CREATE_TENANT_ADMIN_PERMISSION","TENANT_ADMIN should return 201 (PERMISSION)","","","","✅ Passed","09 Jun 2026, 04:09:12 pm","09 Jun 2026, 04:09:15 pm","3.00 s","Chromium","","—","—","Normal"
"API_COMPANY_USER_CREATE_TENANT_VIEWER_PERMISSION","TENANT_VIEWER should return 201 (PERMISSION)","","","","✅ Passed","09 Jun 2026, 04:09:13 pm","09 Jun 2026, 04:09:15 pm","2.83 s","Chromium","","—","—","Normal"
"API_COMPANY_USER_CREATE-1_SUPER_ADMIN_PERMISSION","SUPER_ADMIN should return 400 (PERMISSION)","","","","✅ Passed","09 Jun 2026, 04:09:15 pm","09 Jun 2026, 04:09:16 pm","0.61 s","Chromium","","—","—","Normal"
"API_COMPANY_USER_CREATE-1_TENANT_ADMIN_PERMISSION","TENANT_ADMIN should return 400 (PERMISSION)","","","","✅ Passed","09 Jun 2026, 04:09:15 pm","09 Jun 2026, 04:09:16 pm","0.24 s","Chromium","","—","—","Normal"
"API_COMPANY_USER_CREATE-1_TENANT_VIEWER_PERMISSION","TENANT_VIEWER should return 400 (PERMISSION)","","","","✅ Passed","09 Jun 2026, 04:09:15 pm","09 Jun 2026, 04:09:16 pm","0.54 s","Chromium","","—","—","Normal"
"API_COMPANY_USER_GET_BY_ID_COMPANY_3_ADMIN_RESTRICTED","COMPANY_3_ADMIN should return 403 (RESTRICTED)","","","","❌ Failed","09 Jun 2026, 04:09:10 pm","09 Jun 2026, 04:09:11 pm","0.80 s","Chromium","","—","—","Normal"
"API_COMPANY_USER_GET_BY_ID_COMPANY_ADMIN_PERMISSION","COMPANY_ADMIN should return 200 (PERMISSION)","","","","❌ Failed","09 Jun 2026, 04:09:09 pm","09 Jun 2026, 04:09:09 pm","0.37 s","Chromium","","—","—","Normal"
"API_COMPANY_USER_GET_BY_ID_COMPANY_VIEWER_PERMISSION","COMPANY_VIEWER should return 200 (PERMISSION)","","","","❌ Failed","09 Jun 2026, 04:09:10 pm","09 Jun 2026, 04:09:11 pm","0.99 s","Chromium","","—","—","Normal"
"API_COMPANY_USER_GET_BY_ID_INVOICE_APPROVER_PERMISSION","INVOICE_APPROVER should return 200 (PERMISSION)","","","","❌ Failed","09 Jun 2026, 04:09:11 pm","09 Jun 2026, 04:09:12 pm","1.45 s","Chromium","","—","—","Normal"
"API_COMPANY_USER_GET_BY_ID_INVOICE_CREATOR_PERMISSION","INVOICE_CREATOR should return 200 (PERMISSION)","","","","❌ Failed","09 Jun 2026, 04:09:10 pm","09 Jun 2026, 04:09:10 pm","0.47 s","Chromium","","—","—","Normal"
"API_COMPANY_USER_GET_BY_ID_SUPER_ADMIN_RESTRICTED","SUPER_ADMIN should return 403 (RESTRICTED)","","","","❌ Failed","09 Jun 2026, 04:09:12 pm","09 Jun 2026, 04:09:13 pm","1.60 s","Chromium","","—","—","Normal"
"API_COMPANY_USER_GET_BY_ID_TENANT_2_ADMIN_RESTRICTED","TENANT_2_ADMIN should return 403 (RESTRICTED)","","","","❌ Failed","09 Jun 2026, 04:09:12 pm","09 Jun 2026, 04:09:18 pm","5.91 s","Chromium","","—","—","Normal"
"API_COMPANY_USER_GET_BY_ID_TENANT_ADMIN_PERMISSION","TENANT_ADMIN should return 200 (PERMISSION)","","","","❌ Failed","09 Jun 2026, 04:09:10 pm","09 Jun 2026, 04:09:10 pm","0.27 s","Chromium","","—","—","Normal"
"API_COMPANY_USER_GET_BY_ID_TENANT_VIEWER_PERMISSION","TENANT_VIEWER should return 200 (PERMISSION)","","","","❌ Failed","09 Jun 2026, 04:09:10 pm","09 Jun 2026, 04:09:10 pm","0.54 s","Chromium","","—","—","Normal"
"API_COMPANY_USER_UPDATE_COMPANY_2_ADMIN_RESTRICTED","COMPANY_2_ADMIN should return 403 (RESTRICTED)","","","","✅ Passed","09 Jun 2026, 04:09:18 pm","09 Jun 2026, 04:09:18 pm","0.58 s","Chromium","","—","—","Normal"
"API_COMPANY_USER_UPDATE_COMPANY_ADMIN_RESTRICTED","COMPANY_ADMIN should return 403 (RESTRICTED)","","","","✅ Passed","09 Jun 2026, 04:09:16 pm","09 Jun 2026, 04:09:16 pm","0.10 s","Chromium","","—","—","Normal"
"API_COMPANY_USER_UPDATE_COMPANY_VIEWER_RESTRICTED","COMPANY_VIEWER should return 403 (RESTRICTED)","","","","✅ Passed","09 Jun 2026, 04:09:17 pm","09 Jun 2026, 04:09:18 pm","0.51 s","Chromium","","—","—","Normal"
"API_COMPANY_USER_UPDATE_INVOICE_APPROVER_RESTRICTED","INVOICE_APPROVER should return 403 (RESTRICTED)","","","","✅ Passed","09 Jun 2026, 04:09:16 pm","09 Jun 2026, 04:09:16 pm","0.14 s","Chromium","","—","—","Normal"
"API_COMPANY_USER_UPDATE_INVOICE_CREATOR_RESTRICTED","INVOICE_CREATOR should return 403 (RESTRICTED)","","","","✅ Passed","09 Jun 2026, 04:09:17 pm","09 Jun 2026, 04:09:18 pm","0.52 s","Chromium","","—","—","Normal"
"API_COMPANY_USER_UPDATE_SUPER_ADMIN_PERMISSION","SUPER_ADMIN should return 200 (PERMISSION)","","","","❌ Failed","09 Jun 2026, 04:09:16 pm","09 Jun 2026, 04:09:16 pm","0.26 s","Chromium","","—","—","Normal"
"API_COMPANY_USER_UPDATE_TENANT_2_ADMIN_RESTRICTED","TENANT_2_ADMIN should return 403 (RESTRICTED)","","","","❌ Failed","09 Jun 2026, 04:09:16 pm","09 Jun 2026, 04:09:21 pm","4.70 s","Chromium","","—","—","Normal"
"API_COMPANY_USER_UPDATE_TENANT_ADMIN_PERMISSION","TENANT_ADMIN should return 200 (PERMISSION)","","","","❌ Failed","09 Jun 2026, 04:09:16 pm","09 Jun 2026, 04:09:16 pm","0.21 s","Chromium","","—","—","Normal"
"API_COMPANY_USER_UPDATE_TENANT_VIEWER_PERMISSION","TENANT_VIEWER should return 200 (PERMISSION)","","","","❌ Failed","09 Jun 2026, 04:09:16 pm","09 Jun 2026, 04:09:16 pm","0.52 s","Chromium","","—","—","Normal"
"API_COMPANY_USERS_CREATE_COMPANY_2_ADMIN_RESTRICTED","COMPANY_2_ADMIN should return 403 (RESTRICTED)","","","","✅ Passed","09 Jun 2026, 04:09:04 pm","09 Jun 2026, 04:09:05 pm","0.74 s","Chromium","","—","—","Normal"
"API_COMPANY_USERS_CREATE_COMPANY_3_ADMIN_RESTRICTED","COMPANY_3_ADMIN should return 403 (RESTRICTED)","","","","✅ Passed","09 Jun 2026, 04:09:03 pm","09 Jun 2026, 04:09:04 pm","0.75 s","Chromium","","—","—","Normal"
"API_COMPANY_USERS_CREATE_COMPANY_ADMIN_PERMISSION","COMPANY_ADMIN should return 201 (PERMISSION)","","","","❌ Failed","09 Jun 2026, 04:09:03 pm","09 Jun 2026, 04:09:04 pm","0.97 s","Chromium","","—","—","Normal"
"API_COMPANY_USERS_CREATE_COMPANY_VIEWER_RESTRICTED","COMPANY_VIEWER should return 403 (RESTRICTED)","","","","✅ Passed","09 Jun 2026, 04:09:04 pm","09 Jun 2026, 04:09:04 pm","0.85 s","Chromium","","—","—","Normal"
"API_COMPANY_USERS_CREATE_INVOICE_APPROVER_2_RESTRICTED","INVOICE_APPROVER_2 should return 403 (RESTRICTED)","","","","✅ Passed","09 Jun 2026, 04:09:05 pm","09 Jun 2026, 04:09:06 pm","0.68 s","Chromium","","—","—","Normal"
"API_COMPANY_USERS_CREATE_INVOICE_APPROVER_RESTRICTED","INVOICE_APPROVER should return 403 (RESTRICTED)","","","","✅ Passed","09 Jun 2026, 04:09:02 pm","09 Jun 2026, 04:09:03 pm","0.88 s","Chromium","","—","—","Normal"
"API_COMPANY_USERS_CREATE_INVOICE_CREATOR_2_RESTRICTED","INVOICE_CREATOR_2 should return 403 (RESTRICTED)","","","","✅ Passed","09 Jun 2026, 04:09:03 pm","09 Jun 2026, 04:09:04 pm","0.71 s","Chromium","","—","—","Normal"
"API_COMPANY_USERS_CREATE_INVOICE_CREATOR_RESTRICTED","INVOICE_CREATOR should return 403 (RESTRICTED)","","","","✅ Passed","09 Jun 2026, 04:09:02 pm","09 Jun 2026, 04:09:03 pm","0.80 s","Chromium","","—","—","Normal"
"API_COMPANY_USERS_CREATE_SUPER_ADMIN_PERMISSION","SUPER_ADMIN should return 201 (PERMISSION)","","","","❌ Failed","09 Jun 2026, 04:09:03 pm","09 Jun 2026, 04:09:03 pm","0.70 s","Chromium","","—","—","Normal"
"API_COMPANY_USERS_CREATE_TENANT_ADMIN_RESTRICTED","TENANT_ADMIN should return 403 (RESTRICTED)","","","","✅ Passed","09 Jun 2026, 04:09:03 pm","09 Jun 2026, 04:09:04 pm","0.63 s","Chromium","","—","—","Normal"
"API_COMPANY_USERS_CREATE_TENANT_VIEWER_RESTRICTED","TENANT_VIEWER should return 403 (RESTRICTED)","","","","✅ Passed","09 Jun 2026, 04:09:04 pm","09 Jun 2026, 04:09:04 pm","0.64 s","Chromium","","—","—","Normal"
"API_COMPANY_USERS_GET_COMPANY_3_ADMIN_RESTRICTED","COMPANY_3_ADMIN should return 403 (RESTRICTED)","","","","❌ Failed","09 Jun 2026, 04:09:09 pm","09 Jun 2026, 04:09:10 pm","0.94 s","Chromium","","—","—","Normal"
"API_COMPANY_USERS_GET_COMPANY_ADMIN_PERMISSION","COMPANY_ADMIN should return 200 (PERMISSION)","","","","✅ Passed","09 Jun 2026, 04:09:08 pm","09 Jun 2026, 04:09:08 pm","0.67 s","Chromium","","—","—","Normal"
"API_COMPANY_USERS_GET_COMPANY_VIEWER_PERMISSION","COMPANY_VIEWER should return 200 (PERMISSION)","","","","✅ Passed","09 Jun 2026, 04:09:08 pm","09 Jun 2026, 04:09:09 pm","1.03 s","Chromium","","—","—","Normal"
"API_COMPANY_USERS_GET_INVOICE_APPROVER_PERMISSION","INVOICE_APPROVER should return 200 (PERMISSION)","","","","✅ Passed","09 Jun 2026, 04:09:09 pm","09 Jun 2026, 04:09:10 pm","1.05 s","Chromium","","—","—","Normal"
"API_COMPANY_USERS_GET_INVOICE_CREATOR_PERMISSION","INVOICE_CREATOR should return 200 (PERMISSION)","","","","✅ Passed","09 Jun 2026, 04:09:08 pm","09 Jun 2026, 04:09:10 pm","1.40 s","Chromium","","—","—","Normal"
"API_COMPANY_USERS_GET_SUPER_ADMIN_PERMISSION","SUPER_ADMIN should return 200 (PERMISSION)","","","","✅ Passed","09 Jun 2026, 04:09:08 pm","09 Jun 2026, 04:09:08 pm","0.25 s","Chromium","","—","—","Normal"
"API_COMPANY_USERS_GET_TENANT_2_ADMIN_RESTRICTED","TENANT_2_ADMIN should return 403 (RESTRICTED)","","","","❌ Failed","09 Jun 2026, 04:09:09 pm","09 Jun 2026, 04:09:14 pm","5.55 s","Chromium","","—","—","Normal"
"API_COMPANY_USERS_GET_TENANT_ADMIN_PERMISSION","TENANT_ADMIN should return 200 (PERMISSION)","","","","✅ Passed","09 Jun 2026, 04:09:08 pm","09 Jun 2026, 04:09:09 pm","0.55 s","Chromium","","—","—","Normal"
"API_COMPANY_USERS_GET_TENANT_VIEWER_PERMISSION","TENANT_VIEWER should return 200 (PERMISSION)","","","","✅ Passed","09 Jun 2026, 04:09:08 pm","09 Jun 2026, 04:09:09 pm","0.53 s","Chromium","","—","—","Normal"
"API_DELV_001","Extended: Search Delivery Information","Search Delivery Information","API Extended.data.json","Normal","✅ Passed","09 Jun 2026, 04:08:36 pm","09 Jun 2026, 04:08:37 pm","0.36 s","Chromium","extended.data.json","2026-06-01","2026-06-01","Normal"
"API_DOCS_001","Public: Swagger UI is accessible","Swagger UI is accessible","API Without.token.data.json","Normal","✅ Passed","09 Jun 2026, 04:10:00 pm","09 Jun 2026, 04:10:00 pm","0.01 s","Chromium","without.token.data.json","2026-06-01","2026-06-01","Normal"
"API_EXCH_001","Extended: Create Exchange Rate (Success)","Create Exchange Rate (Success)","API Extended.data.json","Normal","❌ Failed","09 Jun 2026, 04:08:35 pm","09 Jun 2026, 04:08:36 pm","0.44 s","Chromium","extended.data.json","2026-06-01","2026-06-01","Normal"
"API_EXCH_002","Extended: Search Exchange Rates","Search Exchange Rates","API Extended.data.json","Normal","✅ Passed","09 Jun 2026, 04:08:36 pm","09 Jun 2026, 04:08:36 pm","0.36 s","Chromium","extended.data.json","2026-06-01","2026-06-01","Normal"
"API_EXCH_RATE_GET_001","Smoke: Get specific exchange rate","Get specific exchange rate","API Api.data.json","Normal","❌ Failed","09 Jun 2026, 04:07:56 pm","09 Jun 2026, 04:07:57 pm","0.49 s","Chromium","api.data.json","2026-06-01","2026-06-01","Normal"
"API_FILT_INV_STAT_001","Smoke: Filter invoices by status","Filter invoices by status","API Api.data.json","Normal","✅ Passed","09 Jun 2026, 04:08:03 pm","09 Jun 2026, 04:08:05 pm","1.73 s","Chromium","api.data.json","2026-06-01","2026-06-01","Normal"
"API_FILT_USR_EMAIL_001","Smoke: Search user by email","Search user by email","API Api.data.json","Normal","✅ Passed","09 Jun 2026, 04:08:03 pm","09 Jun 2026, 04:08:04 pm","1.01 s","Chromium","api.data.json","2026-06-01","2026-06-01","Normal"
"API_HEALTH_001","Check API Health (Public)","Check API Health (Public)","API Without.token.data.json","Normal","✅ Passed","09 Jun 2026, 04:10:00 pm","09 Jun 2026, 04:10:00 pm","0.01 s","Chromium","without.token.data.json","2026-06-01","2026-06-01","Normal"
"API_INV_EXP_CSV_001","Smoke: Export invoices to CSV","Export invoices to CSV","API Api.data.json","Normal","❌ Failed","09 Jun 2026, 04:07:59 pm","09 Jun 2026, 04:08:00 pm","1.23 s","Chromium","api.data.json","2026-06-01","2026-06-01","Normal"
"API_INV_EXP_PDF_001","Smoke: Export invoices to PDF","Export invoices to PDF","API Api.data.json","Normal","❌ Failed","09 Jun 2026, 04:07:59 pm","09 Jun 2026, 04:08:00 pm","1.01 s","Chromium","api.data.json","2026-06-01","2026-06-01","Normal"
"API_KEY_SAP_BUYER_001","API Key: Valid integration key can bulk upload buyers","API Key: Valid integration key can bulk upload buyers","API Apikey.data.json","Normal","❌ Failed","09 Jun 2026, 04:08:04 pm","09 Jun 2026, 04:08:04 pm","0.06 s","Chromium","apikey.data.json","2026-06-01","2026-06-01","Normal"
"API_KEY_SAP_INV_001","API Key: Valid integration key can bulk upload invoices","API Key: Valid integration key can bulk upload invoices","API Apikey.data.json","Normal","❌ Failed","09 Jun 2026, 04:08:05 pm","09 Jun 2026, 04:08:05 pm","0.14 s","Chromium","apikey.data.json","2026-06-01","2026-06-01","Normal"
"API_KEY_SAP_INV_FAIL_001","API Key: Invalid key returns 401 for SAP integration","API Key: Invalid key returns 401 for SAP integration","API Apikey.data.json","Normal","✅ Passed","09 Jun 2026, 04:08:04 pm","09 Jun 2026, 04:08:04 pm","0.03 s","Chromium","apikey.data.json","2026-06-01","2026-06-01","Normal"
"API_KEY_SAP_INV_REVOKE_001","API Key: Revoked key returns 401 for SAP integration","API Key: Revoked key returns 401 for SAP integration","API Apikey.data.json","Normal","✅ Passed","09 Jun 2026, 04:08:04 pm","09 Jun 2026, 04:08:04 pm","0.03 s","Chromium","apikey.data.json","2026-06-01","2026-06-01","Normal"
"API_KEY_SAP_ITEM_001","API Key: Valid integration key can bulk upload items","API Key: Valid integration key can bulk upload items","API Apikey.data.json","Normal","❌ Failed","09 Jun 2026, 04:08:05 pm","09 Jun 2026, 04:08:05 pm","0.14 s","Chromium","apikey.data.json","2026-06-01","2026-06-01","Normal"
"API_KEY_SAP_ITEM_DENY_001","API Key: Tenant B key cannot upload items to Tenant A endpoint (Isolation)","API Key: Tenant B key cannot upload items to Tenant A endpoint (Isolation)","API Apikey.data.json","Normal","❌ Failed","09 Jun 2026, 04:08:06 pm","09 Jun 2026, 04:08:06 pm","0.14 s","Chromium","apikey.data.json","2026-06-01","2026-06-01","Normal"
"API_KEY_SAP_SELLER_001","API Key: Valid integration key can bulk upload sellers","API Key: Valid integration key can bulk upload sellers","API Apikey.data.json","Normal","❌ Failed","09 Jun 2026, 04:08:04 pm","09 Jun 2026, 04:08:04 pm","0.04 s","Chromium","apikey.data.json","2026-06-01","2026-06-01","Normal"
"API_MFA_DEV_LIST_001","Smoke: List registered MFA devices for current user","List registered MFA devices for current user","API Api.data.json","Normal","❌ Failed","09 Jun 2026, 04:08:00 pm","09 Jun 2026, 04:08:01 pm","0.96 s","Chromium","api.data.json","2026-06-01","2026-06-01","Normal"
"API_PAGE_INV_001","Smoke: Pagination for invoice list","Pagination for invoice list","API Api.data.json","Normal","✅ Passed","09 Jun 2026, 04:08:03 pm","09 Jun 2026, 04:08:04 pm","1.32 s","Chromium","api.data.json","2026-06-01","2026-06-01","Normal"
"API_PAGE_TEN_001","Smoke: Pagination for tenant list","Pagination for tenant list","API Api.data.json","Normal","✅ Passed","09 Jun 2026, 04:08:04 pm","09 Jun 2026, 04:08:05 pm","0.76 s","Chromium","api.data.json","2026-06-01","2026-06-01","Normal"
"API_PAGE_USR_001","Smoke: Pagination for user list","Pagination for user list","API Api.data.json","Normal","✅ Passed","09 Jun 2026, 04:08:03 pm","09 Jun 2026, 04:08:04 pm","1.08 s","Chromium","api.data.json","2026-06-01","2026-06-01","Normal"
"API_PAYEE_COMPANY_COMPANY_3_ADMIN_RESTRICTED","COMPANY_3_ADMIN should return 403 (RESTRICTED)","","","","✅ Passed","09 Jun 2026, 04:09:25 pm","09 Jun 2026, 04:09:26 pm","0.72 s","Chromium","","—","—","Normal"
"API_PAYEE_COMPANY_COMPANY_ADMIN_PERMISSION","COMPANY_ADMIN should return 200 (PERMISSION)","","","","✅ Passed","09 Jun 2026, 04:09:26 pm","09 Jun 2026, 04:09:28 pm","1.87 s","Chromium","","—","—","Normal"
"API_PAYEE_COMPANY_COMPANY_VIEWER_PERMISSION","COMPANY_VIEWER should return 200 (PERMISSION)","","","","✅ Passed","09 Jun 2026, 04:09:25 pm","09 Jun 2026, 04:09:27 pm","1.56 s","Chromium","","—","—","Normal"
"API_PAYEE_COMPANY_INVOICE_APPROVER_2_RESTRICTED","INVOICE_APPROVER_2 should return 403 (RESTRICTED)","","","","✅ Passed","09 Jun 2026, 04:09:26 pm","09 Jun 2026, 04:09:27 pm","0.27 s","Chromium","","—","—","Normal"
"API_PAYEE_COMPANY_INVOICE_CREATOR_2_RESTRICTED","INVOICE_CREATOR_2 should return 403 (RESTRICTED)","","","","✅ Passed","09 Jun 2026, 04:09:26 pm","09 Jun 2026, 04:09:27 pm","0.58 s","Chromium","","—","—","Normal"
"API_PAYEE_COMPANY_SUPER_ADMIN_PERMISSION","SUPER_ADMIN should return 200 (PERMISSION)","","","","❌ Failed","09 Jun 2026, 04:09:25 pm","09 Jun 2026, 04:09:25 pm","0.49 s","Chromium","","—","—","Normal"
"API_PAYEE_COMPANY_TENANT_2_ADMIN_RESTRICTED","TENANT_2_ADMIN should return 403 (RESTRICTED)","","","","❌ Failed","09 Jun 2026, 04:09:25 pm","09 Jun 2026, 04:09:30 pm","4.88 s","Chromium","","—","—","Normal"
"API_PAYEE_COMPANY_TENANT_ADMIN_PERMISSION","TENANT_ADMIN should return 200 (PERMISSION)","","","","✅ Passed","09 Jun 2026, 04:09:25 pm","09 Jun 2026, 04:09:26 pm","1.64 s","Chromium","","—","—","Normal"
"API_PAYEE_COMPANY_TENANT_VIEWER_PERMISSION","TENANT_VIEWER should return 200 (PERMISSION)","","","","✅ Passed","09 Jun 2026, 04:09:25 pm","09 Jun 2026, 04:09:26 pm","1.49 s","Chromium","","—","—","Normal"
"API_PAYEE_CREATE_COMPANY_3_ADMIN_RESTRICTED","COMPANY_3_ADMIN should return 403 (RESTRICTED)","","","","✅ Passed","09 Jun 2026, 04:09:20 pm","09 Jun 2026, 04:09:20 pm","0.75 s","Chromium","","—","—","Normal"
"API_PAYEE_CREATE_COMPANY_ADMIN_PERMISSION","COMPANY_ADMIN should return 201 (PERMISSION)","","","","✅ Passed","09 Jun 2026, 04:09:18 pm","09 Jun 2026, 04:09:19 pm","1.20 s","Chromium","","—","—","Normal"
"API_PAYEE_CREATE_COMPANY_VIEWER_PERMISSION","COMPANY_VIEWER should return 201 (PERMISSION)","","","","✅ Passed","09 Jun 2026, 04:09:18 pm","09 Jun 2026, 04:09:19 pm","1.33 s","Chromium","","—","—","Normal"
"API_PAYEE_CREATE_INVALID_DATA_SUPER_ADMIN_PERMISSION","SUPER_ADMIN should return 400 (PERMISSION)","","","","✅ Passed","09 Jun 2026, 04:09:20 pm","09 Jun 2026, 04:09:20 pm","0.38 s","Chromium","","—","—","Normal"
"API_PAYEE_CREATE_INVOICE_APPROVER_2_RESTRICTED","INVOICE_APPROVER_2 should return 403 (RESTRICTED)","","","","✅ Passed","09 Jun 2026, 04:09:19 pm","09 Jun 2026, 04:09:20 pm","0.67 s","Chromium","","—","—","Normal"
"API_PAYEE_CREATE_INVOICE_APPROVER_PERMISSION","INVOICE_APPROVER should return 201 (PERMISSION)","","","","✅ Passed","09 Jun 2026, 04:09:18 pm","09 Jun 2026, 04:09:20 pm","1.33 s","Chromium","","—","—","Normal"
"API_PAYEE_CREATE_INVOICE_CREATOR_2_RESTRICTED","INVOICE_CREATOR_2 should return 403 (RESTRICTED)","","","","✅ Passed","09 Jun 2026, 04:09:19 pm","09 Jun 2026, 04:09:20 pm","0.69 s","Chromium","","—","—","Normal"
"API_PAYEE_CREATE_INVOICE_CREATOR_PERMISSION","INVOICE_CREATOR should return 201 (PERMISSION)","","","","✅ Passed","09 Jun 2026, 04:09:19 pm","09 Jun 2026, 04:09:21 pm","1.60 s","Chromium","","—","—","Normal"
"API_PAYEE_CREATE_NEGATIVE_DATA_SUPER_ADMIN_PERMISSION","SUPER_ADMIN should return 400 (PERMISSION)","","","","✅ Passed","09 Jun 2026, 04:09:20 pm","09 Jun 2026, 04:09:20 pm","0.40 s","Chromium","","—","—","Normal"
"API_PAYEE_CREATE_SUPER_ADMIN_PERMISSION","SUPER_ADMIN should return 201 (PERMISSION)","","","","❌ Failed","09 Jun 2026, 04:09:18 pm","09 Jun 2026, 04:09:18 pm","0.52 s","Chromium","","—","—","Normal"
"API_PAYEE_CREATE_TENANT_2_ADMIN_RESTRICTED","TENANT_2_ADMIN should return 403 (RESTRICTED)","","","","❌ Failed","09 Jun 2026, 04:09:19 pm","09 Jun 2026, 04:09:24 pm","4.81 s","Chromium","","—","—","Normal"
"API_PAYEE_CREATE_TENANT_ADMIN_PERMISSION","TENANT_ADMIN should return 201 (PERMISSION)","","","","✅ Passed","09 Jun 2026, 04:09:16 pm","09 Jun 2026, 04:09:18 pm","1.21 s","Chromium","","—","—","Normal"
"API_PAYEE_CREATE_TENANT_VIEWER_PERMISSION","TENANT_VIEWER should return 201 (PERMISSION)","","","","✅ Passed","09 Jun 2026, 04:09:18 pm","09 Jun 2026, 04:09:19 pm","1.10 s","Chromium","","—","—","Normal"
"API_PAYEE_GET_BY_ID_COMPANY_3_ADMIN_RESTRICTED","COMPANY_3_ADMIN should return 403 (RESTRICTED)","","","","✅ Passed","09 Jun 2026, 04:09:27 pm","09 Jun 2026, 04:09:28 pm","0.30 s","Chromium","","—","—","Normal"
"API_PAYEE_GET_BY_ID_COMPANY_ADMIN_PERMISSION","COMPANY_ADMIN should return 200 (PERMISSION)","","","","✅ Passed","09 Jun 2026, 04:09:27 pm","09 Jun 2026, 04:09:28 pm","0.85 s","Chromium","","—","—","Normal"
"API_PAYEE_GET_BY_ID_COMPANY_VIEWER_PERMISSION","COMPANY_VIEWER should return 200 (PERMISSION)","","","","✅ Passed","09 Jun 2026, 04:09:27 pm","09 Jun 2026, 04:09:27 pm","0.52 s","Chromium","","—","—","Normal"
"API_PAYEE_GET_BY_ID_INVOICE_APPROVER_2_RESTRICTED","INVOICE_APPROVER_2 should return 403 (RESTRICTED)","","","","✅ Passed","09 Jun 2026, 04:09:28 pm","09 Jun 2026, 04:09:29 pm","0.56 s","Chromium","","—","—","Normal"
"API_PAYEE_GET_BY_ID_INVOICE_APPROVER_PERMISSION","INVOICE_APPROVER should return 200 (PERMISSION)","","","","✅ Passed","09 Jun 2026, 04:09:27 pm","09 Jun 2026, 04:09:28 pm","0.90 s","Chromium","","—","—","Normal"
"API_PAYEE_GET_BY_ID_INVOICE_CREATOR_2_RESTRICTED","INVOICE_CREATOR_2 should return 403 (RESTRICTED)","","","","✅ Passed","09 Jun 2026, 04:09:28 pm","09 Jun 2026, 04:09:28 pm","0.26 s","Chromium","","—","—","Normal"
"API_PAYEE_GET_BY_ID_INVOICE_CREATOR_PERMISSION","INVOICE_CREATOR should return 200 (PERMISSION)","","","","✅ Passed","09 Jun 2026, 04:09:28 pm","09 Jun 2026, 04:09:29 pm","0.83 s","Chromium","","—","—","Normal"
"API_PAYEE_GET_BY_ID_SUPER_ADMIN_PERMISSION","SUPER_ADMIN should return 200 (PERMISSION)","","","","❌ Failed","09 Jun 2026, 04:09:27 pm","09 Jun 2026, 04:09:27 pm","0.41 s","Chromium","","—","—","Normal"
"API_PAYEE_GET_BY_ID_TENANT_2_ADMIN_RESTRICTED","TENANT_2_ADMIN should return 403 (RESTRICTED)","","","","❌ Failed","09 Jun 2026, 04:09:28 pm","09 Jun 2026, 04:09:32 pm","4.53 s","Chromium","","—","—","Normal"
"API_PAYEE_GET_BY_ID_TENANT_ADMIN_PERMISSION","TENANT_ADMIN should return 200 (PERMISSION)","","","","✅ Passed","09 Jun 2026, 04:09:28 pm","09 Jun 2026, 04:09:29 pm","0.88 s","Chromium","","—","—","Normal"
"API_PAYEE_GET_BY_ID_TENANT_VIEWER_PERMISSION","TENANT_VIEWER should return 200 (PERMISSION)","","","","✅ Passed","09 Jun 2026, 04:09:27 pm","09 Jun 2026, 04:09:27 pm","0.73 s","Chromium","","—","—","Normal"
"API_PAYEE_LIST_COMPANY_3_ADMIN_RESTRICTED","COMPANY_3_ADMIN should return 403 (RESTRICTED)","","","","✅ Passed","09 Jun 2026, 04:09:25 pm","09 Jun 2026, 04:09:25 pm","0.58 s","Chromium","","—","—","Normal"
"API_PAYEE_LIST_COMPANY_ADMIN_PERMISSION","COMPANY_ADMIN should return 200 (PERMISSION)","","","","✅ Passed","09 Jun 2026, 04:09:23 pm","09 Jun 2026, 04:09:24 pm","1.49 s","Chromium","","—","—","Normal"
"API_PAYEE_LIST_COMPANY_VIEWER_PERMISSION","COMPANY_VIEWER should return 200 (PERMISSION)","","","","✅ Passed","09 Jun 2026, 04:09:23 pm","09 Jun 2026, 04:09:24 pm","1.63 s","Chromium","","—","—","Normal"
"API_PAYEE_LIST_INVOICE_APPROVER_2_RESTRICTED","INVOICE_APPROVER_2 should return 403 (RESTRICTED)","","","","✅ Passed","09 Jun 2026, 04:09:24 pm","09 Jun 2026, 04:09:25 pm","0.58 s","Chromium","","—","—","Normal"
"API_PAYEE_LIST_INVOICE_APPROVER_PERMISSION","INVOICE_APPROVER should return 200 (PERMISSION)","","","","✅ Passed","09 Jun 2026, 04:09:23 pm","09 Jun 2026, 04:09:25 pm","1.63 s","Chromium","","—","—","Normal"
"API_PAYEE_LIST_INVOICE_CREATOR_2_RESTRICTED","INVOICE_CREATOR_2 should return 403 (RESTRICTED)","","","","✅ Passed","09 Jun 2026, 04:09:24 pm","09 Jun 2026, 04:09:25 pm","0.64 s","Chromium","","—","—","Normal"
"API_PAYEE_LIST_INVOICE_CREATOR_PERMISSION","INVOICE_CREATOR should return 200 (PERMISSION)","","","","✅ Passed","09 Jun 2026, 04:09:23 pm","09 Jun 2026, 04:09:24 pm","1.57 s","Chromium","","—","—","Normal"
"API_PAYEE_LIST_SUPER_ADMIN_PERMISSION","SUPER_ADMIN should return 200 (PERMISSION)","","","","❌ Failed","09 Jun 2026, 04:09:22 pm","09 Jun 2026, 04:09:22 pm","0.19 s","Chromium","","—","—","Normal"
"API_PAYEE_LIST_TENANT_2_ADMIN_RESTRICTED","TENANT_2_ADMIN should return 403 (RESTRICTED)","","","","❌ Failed","09 Jun 2026, 04:09:24 pm","09 Jun 2026, 04:09:29 pm","4.62 s","Chromium","","—","—","Normal"
"API_PAYEE_LIST_TENANT_ADMIN_PERMISSION","TENANT_ADMIN should return 200 (PERMISSION)","","","","✅ Passed","09 Jun 2026, 04:09:24 pm","09 Jun 2026, 04:09:25 pm","1.62 s","Chromium","","—","—","Normal"
"API_PAYEE_LIST_TENANT_VIEWER_PERMISSION","TENANT_VIEWER should return 200 (PERMISSION)","","","","✅ Passed","09 Jun 2026, 04:09:23 pm","09 Jun 2026, 04:09:24 pm","1.43 s","Chromium","","—","—","Normal"
"API_PAYEE_SEARCH_COMPANY_3_ADMIN_RESTRICTED","COMPANY_3_ADMIN should return 403 (RESTRICTED)","","","","✅ Passed","09 Jun 2026, 04:09:22 pm","09 Jun 2026, 04:09:23 pm","0.58 s","Chromium","","—","—","Normal"
"API_PAYEE_SEARCH_COMPANY_ADMIN_PERMISSION","COMPANY_ADMIN should return 200 (PERMISSION)","","","","✅ Passed","09 Jun 2026, 04:09:20 pm","09 Jun 2026, 04:09:22 pm","1.76 s","Chromium","","—","—","Normal"
"API_PAYEE_SEARCH_COMPANY_VIEWER_PERMISSION","COMPANY_VIEWER should return 200 (PERMISSION)","","","","✅ Passed","09 Jun 2026, 04:09:20 pm","09 Jun 2026, 04:09:22 pm","1.72 s","Chromium","","—","—","Normal"
"API_PAYEE_SEARCH_INVOICE_APPROVER_2_RESTRICTED","INVOICE_APPROVER_2 should return 403 (RESTRICTED)","","","","✅ Passed","09 Jun 2026, 04:09:22 pm","09 Jun 2026, 04:09:23 pm","0.58 s","Chromium","","—","—","Normal"
"API_PAYEE_SEARCH_INVOICE_APPROVER_PERMISSION","INVOICE_APPROVER should return 200 (PERMISSION)","","","","✅ Passed","09 Jun 2026, 04:09:21 pm","09 Jun 2026, 04:09:23 pm","1.75 s","Chromium","","—","—","Normal"
"API_PAYEE_SEARCH_INVOICE_CREATOR_2_RESTRICTED","INVOICE_CREATOR_2 should return 403 (RESTRICTED)","","","","✅ Passed","09 Jun 2026, 04:09:22 pm","09 Jun 2026, 04:09:22 pm","0.36 s","Chromium","","—","—","Normal"
"API_PAYEE_SEARCH_INVOICE_CREATOR_PERMISSION","INVOICE_CREATOR should return 200 (PERMISSION)","","","","✅ Passed","09 Jun 2026, 04:09:22 pm","09 Jun 2026, 04:09:23 pm","1.77 s","Chromium","","—","—","Normal"
"API_PAYEE_SEARCH_SUPER_ADMIN_PERMISSION","SUPER_ADMIN should return 200 (PERMISSION)","","","","❌ Failed","09 Jun 2026, 04:09:20 pm","09 Jun 2026, 04:09:20 pm","0.49 s","Chromium","","—","—","Normal"
"API_PAYEE_SEARCH_TENANT_2_ADMIN_RESTRICTED","TENANT_2_ADMIN should return 403 (RESTRICTED)","","","","❌ Failed","09 Jun 2026, 04:09:22 pm","09 Jun 2026, 04:09:27 pm","4.83 s","Chromium","","—","—","Normal"
"API_PAYEE_SEARCH_TENANT_ADMIN_PERMISSION","TENANT_ADMIN should return 200 (PERMISSION)","","","","✅ Passed","09 Jun 2026, 04:09:21 pm","09 Jun 2026, 04:09:23 pm","1.72 s","Chromium","","—","—","Normal"
"API_PAYEE_SEARCH_TENANT_VIEWER_PERMISSION","TENANT_VIEWER should return 200 (PERMISSION)","","","","✅ Passed","09 Jun 2026, 04:09:20 pm","09 Jun 2026, 04:09:22 pm","1.66 s","Chromium","","—","—","Normal"
"API_PAYEE_STATUS_PATCH_COMPANY_3_ADMIN_RESTRICTED","COMPANY_3_ADMIN should return 403 (RESTRICTED)","","","","✅ Passed","09 Jun 2026, 04:09:31 pm","09 Jun 2026, 04:09:32 pm","0.58 s","Chromium","","—","—","Normal"
"API_PAYEE_STATUS_PATCH_COMPANY_ADMIN_PERMISSION","COMPANY_ADMIN should return 200 (PERMISSION)","","","","✅ Passed","09 Jun 2026, 04:09:31 pm","09 Jun 2026, 04:09:32 pm","0.81 s","Chromium","","—","—","Normal"
"API_PAYEE_STATUS_PATCH_COMPANY_VIEWER_PERMISSION","COMPANY_VIEWER should return 200 (PERMISSION)","","","","✅ Passed","09 Jun 2026, 04:09:30 pm","09 Jun 2026, 04:09:31 pm","0.48 s","Chromium","","—","—","Normal"
"API_PAYEE_STATUS_PATCH_INVOICE_APPROVER_2_RESTRICTED","INVOICE_APPROVER_2 should return 403 (RESTRICTED)","","","","✅ Passed","09 Jun 2026, 04:09:31 pm","09 Jun 2026, 04:09:32 pm","0.24 s","Chromium","","—","—","Normal"
"API_PAYEE_STATUS_PATCH_INVOICE_APPROVER_PERMISSION","INVOICE_APPROVER should return 200 (PERMISSION)","","","","✅ Passed","09 Jun 2026, 04:09:31 pm","09 Jun 2026, 04:09:31 pm","0.48 s","Chromium","","—","—","Normal"
"API_PAYEE_STATUS_PATCH_INVOICE_CREATOR_2_RESTRICTED","INVOICE_CREATOR_2 should return 403 (RESTRICTED)","","","","✅ Passed","09 Jun 2026, 04:09:31 pm","09 Jun 2026, 04:09:32 pm","0.53 s","Chromium","","—","—","Normal"
"API_PAYEE_STATUS_PATCH_INVOICE_CREATOR_PERMISSION","INVOICE_CREATOR should return 200 (PERMISSION)","","","","✅ Passed","09 Jun 2026, 04:09:30 pm","09 Jun 2026, 04:09:31 pm","0.52 s","Chromium","","—","—","Normal"
"API_PAYEE_STATUS_PATCH_SUPER_ADMIN_PERMISSION","SUPER_ADMIN should return 200 (PERMISSION)","","","","❌ Failed","09 Jun 2026, 04:09:30 pm","09 Jun 2026, 04:09:30 pm","0.43 s","Chromium","","—","—","Normal"
"API_PAYEE_STATUS_PATCH_TENANT_2_ADMIN_RESTRICTED","TENANT_2_ADMIN should return 403 (RESTRICTED)","","","","❌ Failed","09 Jun 2026, 04:09:31 pm","09 Jun 2026, 04:09:38 pm","7.18 s","Chromium","","—","—","Normal"
"API_PAYEE_STATUS_PATCH_TENANT_ADMIN_PERMISSION","TENANT_ADMIN should return 200 (PERMISSION)","","","","✅ Passed","09 Jun 2026, 04:09:30 pm","09 Jun 2026, 04:09:30 pm","0.51 s","Chromium","","—","—","Normal"
"API_PAYEE_STATUS_PATCH_TENANT_VIEWER_PERMISSION","TENANT_VIEWER should return 200 (PERMISSION)","","","","✅ Passed","09 Jun 2026, 04:09:32 pm","09 Jun 2026, 04:09:32 pm","0.80 s","Chromium","","—","—","Normal"
"API_PAYEE_TEMPLATE_GET_COMPANY_3_ADMIN_RESTRICTED","COMPANY_3_ADMIN should return 403 (RESTRICTED)","","","","✅ Passed","09 Jun 2026, 04:09:32 pm","09 Jun 2026, 04:09:33 pm","0.63 s","Chromium","","—","—","Normal"
"API_PAYEE_TEMPLATE_GET_COMPANY_ADMIN_PERMISSION","COMPANY_ADMIN should return 200 (PERMISSION)","","","","✅ Passed","09 Jun 2026, 04:09:33 pm","09 Jun 2026, 04:09:34 pm","0.83 s","Chromium","","—","—","Normal"
"API_PAYEE_TEMPLATE_GET_COMPANY_VIEWER_PERMISSION","COMPANY_VIEWER should return 200 (PERMISSION)","","","","✅ Passed","09 Jun 2026, 04:09:32 pm","09 Jun 2026, 04:09:33 pm","0.56 s","Chromium","","—","—","Normal"
"API_PAYEE_TEMPLATE_GET_INVOICE_APPROVER_2_RESTRICTED","INVOICE_APPROVER_2 should return 403 (RESTRICTED)","","","","✅ Passed","09 Jun 2026, 04:09:33 pm","09 Jun 2026, 04:09:33 pm","0.29 s","Chromium","","—","—","Normal"
"API_PAYEE_TEMPLATE_GET_INVOICE_APPROVER_PERMISSION","INVOICE_APPROVER should return 200 (PERMISSION)","","","","✅ Passed","09 Jun 2026, 04:09:32 pm","09 Jun 2026, 04:09:33 pm","0.84 s","Chromium","","—","—","Normal"
"API_PAYEE_TEMPLATE_GET_INVOICE_CREATOR_2_RESTRICTED","INVOICE_CREATOR_2 should return 403 (RESTRICTED)","","","","✅ Passed","09 Jun 2026, 04:09:33 pm","09 Jun 2026, 04:09:33 pm","0.31 s","Chromium","","—","—","Normal"
"API_PAYEE_TEMPLATE_GET_INVOICE_CREATOR_PERMISSION","INVOICE_CREATOR should return 200 (PERMISSION)","","","","✅ Passed","09 Jun 2026, 04:09:34 pm","09 Jun 2026, 04:09:35 pm","1.08 s","Chromium","","—","—","Normal"
"API_PAYEE_TEMPLATE_GET_SUPER_ADMIN_PERMISSION","SUPER_ADMIN should return 200 (PERMISSION)","","","","❌ Failed","09 Jun 2026, 04:09:32 pm","09 Jun 2026, 04:09:32 pm","0.42 s","Chromium","","—","—","Normal"
"API_PAYEE_TEMPLATE_GET_TENANT_2_ADMIN_RESTRICTED","TENANT_2_ADMIN should return 403 (RESTRICTED)","","","","❌ Failed","09 Jun 2026, 04:09:33 pm","09 Jun 2026, 04:09:38 pm","5.02 s","Chromium","","—","—","Normal"
"API_PAYEE_TEMPLATE_GET_TENANT_ADMIN_PERMISSION","TENANT_ADMIN should return 200 (PERMISSION)","","","","✅ Passed","09 Jun 2026, 04:09:32 pm","09 Jun 2026, 04:09:32 pm","0.46 s","Chromium","","—","—","Normal"
"API_PAYEE_TEMPLATE_GET_TENANT_VIEWER_PERMISSION","TENANT_VIEWER should return 200 (PERMISSION)","","","","✅ Passed","09 Jun 2026, 04:09:32 pm","09 Jun 2026, 04:09:33 pm","0.82 s","Chromium","","—","—","Normal"
"API_PAYEE_UPDATE_COMPANY_3_ADMIN_RESTRICTED","COMPANY_3_ADMIN should return 403 (RESTRICTED)","","","","✅ Passed","09 Jun 2026, 04:09:29 pm","09 Jun 2026, 04:09:30 pm","0.64 s","Chromium","","—","—","Normal"
"API_PAYEE_UPDATE_COMPANY_ADMIN_PERMISSION","COMPANY_ADMIN should return 200 (PERMISSION)","","","","✅ Passed","09 Jun 2026, 04:09:30 pm","09 Jun 2026, 04:09:31 pm","1.33 s","Chromium","","—","—","Normal"
"API_PAYEE_UPDATE_COMPANY_VIEWER_PERMISSION","COMPANY_VIEWER should return 200 (PERMISSION)","","","","✅ Passed","09 Jun 2026, 04:09:30 pm","09 Jun 2026, 04:09:31 pm","1.03 s","Chromium","","—","—","Normal"
"API_PAYEE_UPDATE_INVOICE_APPROVER_2_RESTRICTED","INVOICE_APPROVER_2 should return 403 (RESTRICTED)","","","","✅ Passed","09 Jun 2026, 04:09:30 pm","09 Jun 2026, 04:09:30 pm","0.63 s","Chromium","","—","—","Normal"
"API_PAYEE_UPDATE_INVOICE_APPROVER_PERMISSION","INVOICE_APPROVER should return 200 (PERMISSION)","","","","✅ Passed","09 Jun 2026, 04:09:29 pm","09 Jun 2026, 04:09:30 pm","0.67 s","Chromium","","—","—","Normal"
"API_PAYEE_UPDATE_INVOICE_CREATOR_2_RESTRICTED","INVOICE_CREATOR_2 should return 403 (RESTRICTED)","","","","✅ Passed","09 Jun 2026, 04:09:30 pm","09 Jun 2026, 04:09:30 pm","0.28 s","Chromium","","—","—","Normal"
"API_PAYEE_UPDATE_INVOICE_CREATOR_PERMISSION","INVOICE_CREATOR should return 200 (PERMISSION)","","","","✅ Passed","09 Jun 2026, 04:09:29 pm","09 Jun 2026, 04:09:30 pm","1.00 s","Chromium","","—","—","Normal"
"API_PAYEE_UPDATE_SUPER_ADMIN_PERMISSION","SUPER_ADMIN should return 200 (PERMISSION)","","","","❌ Failed","09 Jun 2026, 04:09:28 pm","09 Jun 2026, 04:09:28 pm","0.41 s","Chromium","","—","—","Normal"
"API_PAYEE_UPDATE_TENANT_2_ADMIN_RESTRICTED","TENANT_2_ADMIN should return 403 (RESTRICTED)","","","","❌ Failed","09 Jun 2026, 04:09:29 pm","09 Jun 2026, 04:09:34 pm","4.71 s","Chromium","","—","—","Normal"
"API_PAYEE_UPDATE_TENANT_ADMIN_PERMISSION","TENANT_ADMIN should return 200 (PERMISSION)","","","","✅ Passed","09 Jun 2026, 04:09:28 pm","09 Jun 2026, 04:09:29 pm","0.64 s","Chromium","","—","—","Normal"
"API_PAYEE_UPDATE_TENANT_VIEWER_PERMISSION","TENANT_VIEWER should return 200 (PERMISSION)","","","","✅ Passed","09 Jun 2026, 04:09:29 pm","09 Jun 2026, 04:09:29 pm","0.66 s","Chromium","","—","—","Normal"
"API_SELLER_COMPANY_COMPANY_2_ADMIN_RESTRICTED","COMPANY_2_ADMIN should return 403 (RESTRICTED)","","","","✅ Passed","09 Jun 2026, 04:09:40 pm","09 Jun 2026, 04:09:41 pm","0.61 s","Chromium","","—","—","Normal"
"API_SELLER_COMPANY_COMPANY_ADMIN_PERMISSION","COMPANY_ADMIN should return 200 (PERMISSION)","","","","✅ Passed","09 Jun 2026, 04:09:40 pm","09 Jun 2026, 04:09:40 pm","0.78 s","Chromium","","—","—","Normal"
"API_SELLER_COMPANY_COMPANY_VIEWER_PERMISSION","COMPANY_VIEWER should return 200 (PERMISSION)","","","","✅ Passed","09 Jun 2026, 04:09:41 pm","09 Jun 2026, 04:09:42 pm","0.95 s","Chromium","","—","—","Normal"
"API_SELLER_COMPANY_INVOICE_APPROVER_2_RESTRICTED","INVOICE_APPROVER_2 should return 403 (RESTRICTED)","","","","✅ Passed","09 Jun 2026, 04:09:41 pm","09 Jun 2026, 04:09:41 pm","0.54 s","Chromium","","—","—","Normal"
"API_SELLER_COMPANY_INVOICE_APPROVER_PERMISSION","INVOICE_APPROVER should return 200 (PERMISSION)","","","","✅ Passed","09 Jun 2026, 04:09:40 pm","09 Jun 2026, 04:09:41 pm","0.76 s","Chromium","","—","—","Normal"
"API_SELLER_COMPANY_INVOICE_CREATOR_2_RESTRICTED","INVOICE_CREATOR_2 should return 403 (RESTRICTED)","","","","✅ Passed","09 Jun 2026, 04:09:41 pm","09 Jun 2026, 04:09:41 pm","0.53 s","Chromium","","—","—","Normal"
"API_SELLER_COMPANY_INVOICE_CREATOR_PERMISSION","INVOICE_CREATOR should return 200 (PERMISSION)","","","","✅ Passed","09 Jun 2026, 04:09:40 pm","09 Jun 2026, 04:09:41 pm","0.74 s","Chromium","","—","—","Normal"
"API_SELLER_COMPANY_SUPER_ADMIN_PERMISSION","SUPER_ADMIN should return 200 (PERMISSION)","","","","❌ Failed","09 Jun 2026, 04:09:39 pm","09 Jun 2026, 04:09:39 pm","0.21 s","Chromium","","—","—","Normal"
"API_SELLER_COMPANY_TENANT_2_ADMIN_RESTRICTED","TENANT_2_ADMIN should return 403 (RESTRICTED)","","","","❌ Failed","09 Jun 2026, 04:09:40 pm","09 Jun 2026, 04:09:45 pm","4.79 s","Chromium","","—","—","Normal"
"API_SELLER_COMPANY_TENANT_ADMIN_PERMISSION","TENANT_ADMIN should return 200 (PERMISSION)","","","","✅ Passed","09 Jun 2026, 04:09:39 pm","09 Jun 2026, 04:09:39 pm","0.67 s","Chromium","","—","—","Normal"
"API_SELLER_COMPANY_TENANT_VIEWER_PERMISSION","TENANT_VIEWER should return 200 (PERMISSION)","","","","✅ Passed","09 Jun 2026, 04:09:40 pm","09 Jun 2026, 04:09:41 pm","0.68 s","Chromium","","—","—","Normal"
"API_SELLER_CREATE_COMPANY_2_ADMIN_RESTRICTED","COMPANY_2_ADMIN should return 403 (RESTRICTED)","","","","✅ Passed","09 Jun 2026, 04:09:34 pm","09 Jun 2026, 04:09:35 pm","0.61 s","Chromium","","—","—","Normal"
"API_SELLER_CREATE_COMPANY_3_ADMIN_RESTRICTED","COMPANY_3_ADMIN should return 403 (RESTRICTED)","","","","✅ Passed","09 Jun 2026, 04:09:35 pm","09 Jun 2026, 04:09:36 pm","0.89 s","Chromium","","—","—","Normal"
"API_SELLER_CREATE_COMPANY_ADMIN_PERMISSION","COMPANY_ADMIN should return 201 (PERMISSION)","","","","✅ Passed","09 Jun 2026, 04:09:33 pm","09 Jun 2026, 04:09:34 pm","0.89 s","Chromium","","—","—","Normal"
"API_SELLER_CREATE_COMPANY_VIEWER_PERMISSION","COMPANY_VIEWER should return 201 (PERMISSION)","","","","✅ Passed","09 Jun 2026, 04:09:34 pm","09 Jun 2026, 04:09:35 pm","0.82 s","Chromium","","—","—","Normal"
"API_SELLER_CREATE_INVALID_DATA_SUPER_ADMIN_PERMISSION","SUPER_ADMIN should return 400 (PERMISSION)","","","","✅ Passed","09 Jun 2026, 04:09:36 pm","09 Jun 2026, 04:09:36 pm","0.37 s","Chromium","","—","—","Normal"
"API_SELLER_CREATE_INVOICE_APPROVER_2_RESTRICTED","INVOICE_APPROVER_2 should return 403 (RESTRICTED)","","","","✅ Passed","09 Jun 2026, 04:09:35 pm","09 Jun 2026, 04:09:36 pm","0.26 s","Chromium","","—","—","Normal"
"API_SELLER_CREATE_INVOICE_APPROVER_PERMISSION","INVOICE_APPROVER should return 201 (PERMISSION)","","","","✅ Passed","09 Jun 2026, 04:09:34 pm","09 Jun 2026, 04:09:36 pm","1.51 s","Chromium","","—","—","Normal"
"API_SELLER_CREATE_INVOICE_CREATOR_2_RESTRICTED","INVOICE_CREATOR_2 should return 403 (RESTRICTED)","","","","✅ Passed","09 Jun 2026, 04:09:35 pm","09 Jun 2026, 04:09:35 pm","0.26 s","Chromium","","—","—","Normal"
"API_SELLER_CREATE_INVOICE_CREATOR_PERMISSION","INVOICE_CREATOR should return 201 (PERMISSION)","","","","✅ Passed","09 Jun 2026, 04:09:35 pm","09 Jun 2026, 04:09:36 pm","1.16 s","Chromium","","—","—","Normal"
"API_SELLER_CREATE_NEGATIVE_DATA_SUPER_ADMIN_PERMISSION","SUPER_ADMIN should return 400 (PERMISSION)","","","","✅ Passed","09 Jun 2026, 04:09:36 pm","09 Jun 2026, 04:09:36 pm","0.36 s","Chromium","","—","—","Normal"
"API_SELLER_CREATE_SUPER_ADMIN_PERMISSION","SUPER_ADMIN should return 201 (PERMISSION)","","","","❌ Failed","09 Jun 2026, 04:09:33 pm","09 Jun 2026, 04:09:34 pm","0.46 s","Chromium","","—","—","Normal"
"API_SELLER_CREATE_TENANT_2_ADMIN_RESTRICTED","TENANT_2_ADMIN should return 403 (RESTRICTED)","","","","❌ Failed","09 Jun 2026, 04:09:35 pm","09 Jun 2026, 04:09:40 pm","4.56 s","Chromium","","—","—","Normal"
"API_SELLER_CREATE_TENANT_ADMIN_PERMISSION","TENANT_ADMIN should return 201 (PERMISSION)","","","","✅ Passed","09 Jun 2026, 04:09:33 pm","09 Jun 2026, 04:09:34 pm","1.15 s","Chromium","","—","—","Normal"
"API_SELLER_CREATE_TENANT_VIEWER_PERMISSION","TENANT_VIEWER should return 201 (PERMISSION)","","","","✅ Passed","09 Jun 2026, 04:09:35 pm","09 Jun 2026, 04:09:37 pm","1.25 s","Chromium","","—","—","Normal"
"API_SELLER_GET_BY_ID_COMPANY_2_ADMIN_RESTRICTED","COMPANY_2_ADMIN should return 403 (RESTRICTED)","","","","✅ Passed","09 Jun 2026, 04:09:42 pm","09 Jun 2026, 04:09:43 pm","0.57 s","Chromium","","—","—","Normal"
"API_SELLER_GET_BY_ID_COMPANY_ADMIN_PERMISSION","COMPANY_ADMIN should return 200 (PERMISSION)","","","","✅ Passed","09 Jun 2026, 04:09:41 pm","09 Jun 2026, 04:09:42 pm","0.92 s","Chromium","","—","—","Normal"
"API_SELLER_GET_BY_ID_COMPANY_VIEWER_PERMISSION","COMPANY_VIEWER should return 200 (PERMISSION)","","","","✅ Passed","09 Jun 2026, 04:09:43 pm","09 Jun 2026, 04:09:44 pm","1.06 s","Chromium","","—","—","Normal"
"API_SELLER_GET_BY_ID_INVOICE_APPROVER_2_RESTRICTED","INVOICE_APPROVER_2 should return 403 (RESTRICTED)","","","","✅ Passed","09 Jun 2026, 04:09:43 pm","09 Jun 2026, 04:09:43 pm","0.65 s","Chromium","","—","—","Normal"
"API_SELLER_GET_BY_ID_INVOICE_APPROVER_PERMISSION","INVOICE_APPROVER should return 200 (PERMISSION)","","","","✅ Passed","09 Jun 2026, 04:09:42 pm","09 Jun 2026, 04:09:43 pm","0.87 s","Chromium","","—","—","Normal"
"API_SELLER_GET_BY_ID_INVOICE_CREATOR_2_RESTRICTED","INVOICE_CREATOR_2 should return 403 (RESTRICTED)","","","","✅ Passed","09 Jun 2026, 04:09:42 pm","09 Jun 2026, 04:09:43 pm","0.59 s","Chromium","","—","—","Normal"
"API_SELLER_GET_BY_ID_INVOICE_CREATOR_PERMISSION","INVOICE_CREATOR should return 200 (PERMISSION)","","","","✅ Passed","09 Jun 2026, 04:09:43 pm","09 Jun 2026, 04:09:44 pm","1.07 s","Chromium","","—","—","Normal"
"API_SELLER_GET_BY_ID_SUPER_ADMIN_PERMISSION","SUPER_ADMIN should return 200 (PERMISSION)","","","","❌ Failed","09 Jun 2026, 04:09:41 pm","09 Jun 2026, 04:09:41 pm","0.38 s","Chromium","","—","—","Normal"
"API_SELLER_GET_BY_ID_TENANT_2_ADMIN_RESTRICTED","TENANT_2_ADMIN should return 403 (RESTRICTED)","","","","❌ Failed","09 Jun 2026, 04:09:42 pm","09 Jun 2026, 04:09:47 pm","4.89 s","Chromium","","—","—","Normal"
"API_SELLER_GET_BY_ID_TENANT_ADMIN_PERMISSION","TENANT_ADMIN should return 200 (PERMISSION)","","","","✅ Passed","09 Jun 2026, 04:09:41 pm","09 Jun 2026, 04:09:42 pm","0.69 s","Chromium","","—","—","Normal"
"API_SELLER_GET_BY_ID_TENANT_VIEWER_PERMISSION","TENANT_VIEWER should return 200 (PERMISSION)","","","","✅ Passed","09 Jun 2026, 04:09:41 pm","09 Jun 2026, 04:09:42 pm","0.89 s","Chromium","","—","—","Normal"
"API_SELLER_LIST_COMPANY_2_ADMIN_RESTRICTED","COMPANY_2_ADMIN should return 403 (RESTRICTED)","","","","✅ Passed","09 Jun 2026, 04:09:40 pm","09 Jun 2026, 04:09:40 pm","0.71 s","Chromium","","—","—","Normal"
"API_SELLER_LIST_COMPANY_ADMIN_PERMISSION","COMPANY_ADMIN should return 200 (PERMISSION)","","","","✅ Passed","09 Jun 2026, 04:09:39 pm","09 Jun 2026, 04:09:40 pm","0.84 s","Chromium","","—","—","Normal"
"API_SELLER_LIST_COMPANY_VIEWER_PERMISSION","COMPANY_VIEWER should return 200 (PERMISSION)","","","","✅ Passed","09 Jun 2026, 04:09:39 pm","09 Jun 2026, 04:09:40 pm","0.70 s","Chromium","","—","—","Normal"
"API_SELLER_LIST_INVOICE_APPROVER_2_RESTRICTED","INVOICE_APPROVER_2 should return 403 (RESTRICTED)","","","","✅ Passed","09 Jun 2026, 04:09:38 pm","09 Jun 2026, 04:09:39 pm","0.25 s","Chromium","","—","—","Normal"
"API_SELLER_LIST_INVOICE_APPROVER_PERMISSION","INVOICE_APPROVER should return 200 (PERMISSION)","","","","✅ Passed","09 Jun 2026, 04:09:38 pm","09 Jun 2026, 04:09:38 pm","0.44 s","Chromium","","—","—","Normal"
"API_SELLER_LIST_INVOICE_CREATOR_2_RESTRICTED","INVOICE_CREATOR_2 should return 403 (RESTRICTED)","","","","✅ Passed","09 Jun 2026, 04:09:38 pm","09 Jun 2026, 04:09:39 pm","0.54 s","Chromium","","—","—","Normal"
"API_SELLER_LIST_INVOICE_CREATOR_PERMISSION","INVOICE_CREATOR should return 200 (PERMISSION)","","","","✅ Passed","09 Jun 2026, 04:09:38 pm","09 Jun 2026, 04:09:38 pm","0.36 s","Chromium","","—","—","Normal"
"API_SELLER_LIST_SUPER_ADMIN_PERMISSION","SUPER_ADMIN should return 200 (PERMISSION)","","","","❌ Failed","09 Jun 2026, 04:09:37 pm","09 Jun 2026, 04:09:38 pm","0.49 s","Chromium","","—","—","Normal"
"API_SELLER_LIST_TENANT_2_ADMIN_RESTRICTED","TENANT_2_ADMIN should return 403 (RESTRICTED)","","","","❌ Failed","09 Jun 2026, 04:09:38 pm","09 Jun 2026, 04:09:43 pm","4.63 s","Chromium","","—","—","Normal"
"API_SELLER_LIST_TENANT_ADMIN_PERMISSION","TENANT_ADMIN should return 200 (PERMISSION)","","","","✅ Passed","09 Jun 2026, 04:09:37 pm","09 Jun 2026, 04:09:38 pm","0.55 s","Chromium","","—","—","Normal"
"API_SELLER_LIST_TENANT_VIEWER_PERMISSION","TENANT_VIEWER should return 200 (PERMISSION)","","","","✅ Passed","09 Jun 2026, 04:09:38 pm","09 Jun 2026, 04:09:38 pm","0.29 s","Chromium","","—","—","Normal"
"API_SELLER_SEARCH_COMPANY_2_ADMIN_RESTRICTED","COMPANY_2_ADMIN should return 403 (RESTRICTED)","","","","✅ Passed","09 Jun 2026, 04:09:37 pm","09 Jun 2026, 04:09:37 pm","0.60 s","Chromium","","—","—","Normal"
"API_SELLER_SEARCH_COMPANY_3_ADMIN_RESTRICTED","COMPANY_3_ADMIN should return 403 (RESTRICTED)","","","","✅ Passed","09 Jun 2026, 04:09:37 pm","09 Jun 2026, 04:09:37 pm","0.58 s","Chromium","","—","—","Normal"
"API_SELLER_SEARCH_COMPANY_ADMIN_PERMISSION","COMPANY_ADMIN should return 200 (PERMISSION)","","","","✅ Passed","09 Jun 2026, 04:09:36 pm","09 Jun 2026, 04:09:37 pm","0.63 s","Chromium","","—","—","Normal"
"API_SELLER_SEARCH_COMPANY_VIEWER_PERMISSION","COMPANY_VIEWER should return 200 (PERMISSION)","","","","✅ Passed","09 Jun 2026, 04:09:37 pm","09 Jun 2026, 04:09:38 pm","0.79 s","Chromium","","—","—","Normal"
"API_SELLER_SEARCH_INVOICE_APPROVER_2_RESTRICTED","INVOICE_APPROVER_2 should return 403 (RESTRICTED)","","","","✅ Passed","09 Jun 2026, 04:09:37 pm","09 Jun 2026, 04:09:38 pm","0.32 s","Chromium","","—","—","Normal"
"API_SELLER_SEARCH_INVOICE_APPROVER_PERMISSION","INVOICE_APPROVER should return 200 (PERMISSION)","","","","✅ Passed","09 Jun 2026, 04:09:37 pm","09 Jun 2026, 04:09:37 pm","0.36 s","Chromium","","—","—","Normal"
"API_SELLER_SEARCH_INVOICE_CREATOR_2_RESTRICTED","INVOICE_CREATOR_2 should return 403 (RESTRICTED)","","","","✅ Passed","09 Jun 2026, 04:09:37 pm","09 Jun 2026, 04:09:37 pm","0.23 s","Chromium","","—","—","Normal"
"API_SELLER_SEARCH_INVOICE_CREATOR_PERMISSION","INVOICE_CREATOR should return 200 (PERMISSION)","","","","✅ Passed","09 Jun 2026, 04:09:36 pm","09 Jun 2026, 04:09:37 pm","0.35 s","Chromium","","—","—","Normal"
"API_SELLER_SEARCH_SUPER_ADMIN_PERMISSION","SUPER_ADMIN should return 200 (PERMISSION)","","","","❌ Failed","09 Jun 2026, 04:09:36 pm","09 Jun 2026, 04:09:36 pm","0.38 s","Chromium","","—","—","Normal"
"API_SELLER_SEARCH_TENANT_2_ADMIN_RESTRICTED","TENANT_2_ADMIN should return 403 (RESTRICTED)","","","","❌ Failed","09 Jun 2026, 04:09:37 pm","09 Jun 2026, 04:09:41 pm","4.66 s","Chromium","","—","—","Normal"
"API_SELLER_SEARCH_TENANT_ADMIN_PERMISSION","TENANT_ADMIN should return 200 (PERMISSION)","","","","✅ Passed","09 Jun 2026, 04:09:36 pm","09 Jun 2026, 04:09:36 pm","0.53 s","Chromium","","—","—","Normal"
"API_SELLER_SEARCH_TENANT_VIEWER_PERMISSION","TENANT_VIEWER should return 200 (PERMISSION)","","","","✅ Passed","09 Jun 2026, 04:09:36 pm","09 Jun 2026, 04:09:37 pm","0.66 s","Chromium","","—","—","Normal"
"API_SELLER_STATUS_PATCH_COMPANY_2_ADMIN_RESTRICTED","COMPANY_2_ADMIN should return 403 (RESTRICTED)","","","","✅ Passed","09 Jun 2026, 04:09:44 pm","09 Jun 2026, 04:09:44 pm","0.29 s","Chromium","","—","—","Normal"
"API_SELLER_STATUS_PATCH_COMPANY_ADMIN_PERMISSION","COMPANY_ADMIN should return 200 (PERMISSION)","","","","✅ Passed","09 Jun 2026, 04:09:44 pm","09 Jun 2026, 04:09:45 pm","0.83 s","Chromium","","—","—","Normal"
"API_SELLER_STATUS_PATCH_COMPANY_VIEWER_PERMISSION","COMPANY_VIEWER should return 200 (PERMISSION)","","","","✅ Passed","09 Jun 2026, 04:09:43 pm","09 Jun 2026, 04:09:44 pm","0.67 s","Chromium","","—","—","Normal"
"API_SELLER_STATUS_PATCH_INVOICE_APPROVER_2_RESTRICTED","INVOICE_APPROVER_2 should return 403 (RESTRICTED)","","","","✅ Passed","09 Jun 2026, 04:09:44 pm","09 Jun 2026, 04:09:45 pm","0.29 s","Chromium","","—","—","Normal"
"API_SELLER_STATUS_PATCH_INVOICE_APPROVER_PERMISSION","INVOICE_APPROVER should return 200 (PERMISSION)","","","","✅ Passed","09 Jun 2026, 04:09:44 pm","09 Jun 2026, 04:09:45 pm","0.96 s","Chromium","","—","—","Normal"
"API_SELLER_STATUS_PATCH_INVOICE_CREATOR_2_RESTRICTED","INVOICE_CREATOR_2 should return 403 (RESTRICTED)","","","","✅ Passed","09 Jun 2026, 04:09:44 pm","09 Jun 2026, 04:09:44 pm","0.25 s","Chromium","","—","—","Normal"
"API_SELLER_STATUS_PATCH_INVOICE_CREATOR_PERMISSION","INVOICE_CREATOR should return 200 (PERMISSION)","","","","✅ Passed","09 Jun 2026, 04:09:44 pm","09 Jun 2026, 04:09:45 pm","0.89 s","Chromium","","—","—","Normal"
"API_SELLER_STATUS_PATCH_SUPER_ADMIN_PERMISSION","SUPER_ADMIN should return 200 (PERMISSION)","","","","❌ Failed","09 Jun 2026, 04:09:43 pm","09 Jun 2026, 04:09:43 pm","0.46 s","Chromium","","—","—","Normal"
"API_SELLER_STATUS_PATCH_TENANT_2_ADMIN_RESTRICTED","TENANT_2_ADMIN should return 403 (RESTRICTED)","","","","❌ Failed","09 Jun 2026, 04:09:44 pm","09 Jun 2026, 04:09:49 pm","4.90 s","Chromium","","—","—","Normal"
"API_SELLER_STATUS_PATCH_TENANT_ADMIN_PERMISSION","TENANT_ADMIN should return 200 (PERMISSION)","","","","✅ Passed","09 Jun 2026, 04:09:43 pm","09 Jun 2026, 04:09:44 pm","0.84 s","Chromium","","—","—","Normal"
"API_SELLER_STATUS_PATCH_TENANT_VIEWER_PERMISSION","TENANT_VIEWER should return 200 (PERMISSION)","","","","✅ Passed","09 Jun 2026, 04:09:44 pm","09 Jun 2026, 04:09:45 pm","0.90 s","Chromium","","—","—","Normal"
"API_SELLER_UPDATE_COMPANY_2_ADMIN_RESTRICTED","COMPANY_2_ADMIN should return 403 (RESTRICTED)","","","","✅ Passed","09 Jun 2026, 04:09:46 pm","09 Jun 2026, 04:09:46 pm","0.48 s","Chromium","","—","—","Normal"
"API_SELLER_UPDATE_COMPANY_ADMIN_PERMISSION","COMPANY_ADMIN should return 200 (PERMISSION)","","","","✅ Passed","09 Jun 2026, 04:09:45 pm","09 Jun 2026, 04:09:46 pm","0.78 s","Chromium","","—","—","Normal"
"API_SELLER_UPDATE_COMPANY_VIEWER_PERMISSION","COMPANY_VIEWER should return 200 (PERMISSION)","","","","✅ Passed","09 Jun 2026, 04:09:45 pm","09 Jun 2026, 04:09:47 pm","1.54 s","Chromium","","—","—","Normal"
"API_SELLER_UPDATE_INVOICE_APPROVER_2_RESTRICTED","INVOICE_APPROVER_2 should return 403 (RESTRICTED)","","","","✅ Passed","09 Jun 2026, 04:09:47 pm","09 Jun 2026, 04:09:48 pm","1.13 s","Chromium","","—","—","Normal"
"API_SELLER_UPDATE_INVOICE_APPROVER_PERMISSION","INVOICE_APPROVER should return 200 (PERMISSION)","","","","✅ Passed","09 Jun 2026, 04:09:46 pm","09 Jun 2026, 04:09:48 pm","1.54 s","Chromium","","—","—","Normal"
"API_SELLER_UPDATE_INVOICE_CREATOR_2_RESTRICTED","INVOICE_CREATOR_2 should return 403 (RESTRICTED)","","","","✅ Passed","09 Jun 2026, 04:09:46 pm","09 Jun 2026, 04:09:47 pm","1.01 s","Chromium","","—","—","Normal"
"API_SELLER_UPDATE_INVOICE_CREATOR_PERMISSION","INVOICE_CREATOR should return 200 (PERMISSION)","","","","✅ Passed","09 Jun 2026, 04:09:45 pm","09 Jun 2026, 04:09:47 pm","1.97 s","Chromium","","—","—","Normal"
"API_SELLER_UPDATE_SUPER_ADMIN_PERMISSION","SUPER_ADMIN should return 200 (PERMISSION)","","","","❌ Failed","09 Jun 2026, 04:09:45 pm","09 Jun 2026, 04:09:45 pm","0.39 s","Chromium","","—","—","Normal"
"API_SELLER_UPDATE_TENANT_2_ADMIN_RESTRICTED","TENANT_2_ADMIN should return 403 (RESTRICTED)","","","","❌ Failed","09 Jun 2026, 04:09:46 pm","09 Jun 2026, 04:09:51 pm","5.00 s","Chromium","","—","—","Normal"
"API_SELLER_UPDATE_TENANT_ADMIN_PERMISSION","TENANT_ADMIN should return 200 (PERMISSION)","","","","✅ Passed","09 Jun 2026, 04:09:45 pm","09 Jun 2026, 04:09:46 pm","1.64 s","Chromium","","—","—","Normal"
"API_SELLER_UPDATE_TENANT_VIEWER_PERMISSION","TENANT_VIEWER should return 200 (PERMISSION)","","","","✅ Passed","09 Jun 2026, 04:09:46 pm","09 Jun 2026, 04:09:48 pm","1.59 s","Chromium","","—","—","Normal"
"API_SMOKE_BATCH_LIST_001","Smoke: Super Admin can list processing batches","Super Admin can list processing batches","API Api.data.json","Normal","✅ Passed","09 Jun 2026, 04:07:52 pm","09 Jun 2026, 04:07:52 pm","0.30 s","Chromium","api.data.json","2026-06-01","2026-06-01","Normal"
"API_SMOKE_BUYER_LIST_001","Smoke: List all buyers","List all buyers","API Api.data.json","Normal","❌ Failed","09 Jun 2026, 04:07:52 pm","09 Jun 2026, 04:07:52 pm","0.42 s","Chromium","api.data.json","2026-06-01","2026-06-01","Normal"
"API_SMOKE_C3_SENT_001","Smoke: Super Admin can view Corner 3 sent invoices","Super Admin can view Corner 3 sent invoices","API Api.data.json","Normal","❌ Failed","09 Jun 2026, 04:07:55 pm","09 Jun 2026, 04:07:55 pm","0.74 s","Chromium","api.data.json","2026-06-01","2026-06-01","Normal"
"API_SMOKE_CODE_INV_STAT_001","Smoke: Get Invoice Status codelist","Get Invoice Status codelist","API Api.data.json","Normal","❌ Failed","09 Jun 2026, 04:07:56 pm","09 Jun 2026, 04:07:56 pm","0.43 s","Chromium","api.data.json","2026-06-01","2026-06-01","Normal"
"API_SMOKE_CODE_TAX_001","Smoke: Get Tax Exemption Reasons codelist","Get Tax Exemption Reasons codelist","API Api.data.json","Normal","✅ Passed","09 Jun 2026, 04:07:52 pm","09 Jun 2026, 04:07:53 pm","0.91 s","Chromium","api.data.json","2026-06-01","2026-06-01","Normal"
"API_SMOKE_COMPANY_LIST_001","Smoke: Company Admin can not list view others companies","Company Admin can not list view others companies","API Api.data.json","Normal","✅ Passed","09 Jun 2026, 04:07:51 pm","09 Jun 2026, 04:07:52 pm","0.68 s","Chromium","api.data.json","2026-06-01","2026-06-01","Normal"
"API_SMOKE_DASH_TRENDS_001","Smoke: View dashboard trends","View dashboard trends","API Api.data.json","Normal","❌ Failed","09 Jun 2026, 04:07:55 pm","09 Jun 2026, 04:07:56 pm","0.64 s","Chromium","api.data.json","2026-06-01","2026-06-01","Normal"
"API_SMOKE_INV_DETAIL_001","Smoke: View invoice detail with lines","View invoice detail with lines","API Api.data.json","Normal","❌ Failed","09 Jun 2026, 04:07:55 pm","09 Jun 2026, 04:07:56 pm","0.85 s","Chromium","api.data.json","2026-06-01","2026-06-01","Normal"
"API_SMOKE_INV_TYPE_LIST_001","Smoke: List all invoice types","List all invoice types","API Api.data.json","Normal","✅ Passed","09 Jun 2026, 04:07:54 pm","09 Jun 2026, 04:07:55 pm","1.00 s","Chromium","api.data.json","2026-06-01","2026-06-01","Normal"
"API_SMOKE_INVOICE_LIST_001","Smoke: Invoice Creator can list invoices","Invoice Creator can list invoices","API Api.data.json","Normal","✅ Passed","09 Jun 2026, 04:07:54 pm","09 Jun 2026, 04:07:55 pm","1.89 s","Chromium","api.data.json","2026-06-01","2026-06-01","Normal"
"API_SMOKE_MFA_DEV_001","Smoke: Get own MFA devices","Get own MFA devices","API Api.data.json","Normal","❌ Failed","09 Jun 2026, 04:07:54 pm","09 Jun 2026, 04:07:55 pm","0.97 s","Chromium","api.data.json","2026-06-01","2026-06-01","Normal"
"API_SMOKE_NOTIF_TMPL_001","Smoke: Super Admin can list notification templates","Super Admin can list notification templates","API Api.data.json","Normal","❌ Failed","09 Jun 2026, 04:07:58 pm","09 Jun 2026, 04:07:59 pm","0.66 s","Chromium","api.data.json","2026-06-01","2026-06-01","Normal"
"API_SMOKE_NOTIF_UNREAD_001","Smoke: Get unread notification count","Get unread notification count","API Api.data.json","Normal","✅ Passed","09 Jun 2026, 04:07:56 pm","09 Jun 2026, 04:07:56 pm","0.86 s","Chromium","api.data.json","2026-06-01","2026-06-01","Normal"
"API_SMOKE_PAYEE_CREATE_001","Smoke: Create a payee","Create a payee","API Api.data.json","Normal","✅ Passed","09 Jun 2026, 04:07:54 pm","09 Jun 2026, 04:07:56 pm","1.87 s","Chromium","api.data.json","2026-06-01","2026-06-01","Normal"
"API_SMOKE_PERIOD_LIST_001","Smoke: List all accounting periods","List all accounting periods","API Api.data.json","Normal","❌ Failed","09 Jun 2026, 04:07:52 pm","09 Jun 2026, 04:07:52 pm","0.46 s","Chromium","api.data.json","2026-06-01","2026-06-01","Normal"
"API_SMOKE_PERM_LIST_001","Smoke: Super Admin can list all permissions","Super Admin can list all permissions","API Api.data.json","Normal","❌ Failed","09 Jun 2026, 04:07:58 pm","09 Jun 2026, 04:07:59 pm","0.73 s","Chromium","api.data.json","2026-06-01","2026-06-01","Normal"
"API_SMOKE_ROLE_LIST_001","Smoke: Super Admin can list all system roles","Super Admin can list all system roles","API Api.data.json","Normal","❌ Failed","09 Jun 2026, 04:07:58 pm","09 Jun 2026, 04:07:59 pm","0.73 s","Chromium","api.data.json","2026-06-01","2026-06-01","Normal"
"API_SMOKE_SELLER_LIST_001","Smoke: List all sellers","List all sellers","API Api.data.json","Normal","❌ Failed","09 Jun 2026, 04:07:51 pm","09 Jun 2026, 04:07:52 pm","1.07 s","Chromium","api.data.json","2026-06-01","2026-06-01","Normal"
"API_SMOKE_SYS_HEALTH_001","Smoke: Super Admin can view system health details","Super Admin can view system health details","API Api.data.json","Normal","❌ Failed","09 Jun 2026, 04:07:55 pm","09 Jun 2026, 04:07:55 pm","0.35 s","Chromium","api.data.json","2026-06-01","2026-06-01","Normal"
"API_SMOKE_TEN_RES_001","Smoke: Resolve tenant by domain","Resolve tenant by domain","API Api.data.json","Normal","❌ Failed","09 Jun 2026, 04:07:53 pm","09 Jun 2026, 04:07:54 pm","0.38 s","Chromium","api.data.json","2026-06-01","2026-06-01","Normal"
"API_SMOKE_TENANT_LIST_001","Smoke: Super Admin can list all tenants","Super Admin can list all tenants","API Api.data.json","Normal","✅ Passed","09 Jun 2026, 04:07:53 pm","09 Jun 2026, 04:07:55 pm","1.62 s","Chromium","api.data.json","2026-06-02","2026-06-02","Normal"
"API_SMOKE_USER_LIST_001","Smoke: Tenant Admin can list users","Tenant Admin can list users","API Api.data.json","Normal","✅ Passed","09 Jun 2026, 04:07:53 pm","09 Jun 2026, 04:07:55 pm","1.28 s","Chromium","api.data.json","2026-06-01","2026-06-01","Normal"
"API_SMOKE_USER_ME_001","Smoke: Authenticated user can view own profile","Authenticated user can view own profile","API Api.data.json","Normal","✅ Passed","09 Jun 2026, 04:07:51 pm","09 Jun 2026, 04:07:52 pm","0.86 s","Chromium","api.data.json, Monitor Closely","2026-06-01","2026-06-05","⚠️ Monitor Closely"
"API_SORT_INV_001","Smoke: Sorting for invoice list (Date Desc)","Sorting for invoice list (Date Desc)","API Api.data.json","Normal","✅ Passed","09 Jun 2026, 04:08:03 pm","09 Jun 2026, 04:08:05 pm","1.74 s","Chromium","api.data.json","2026-06-01","2026-06-01","Normal"
"API_SYS_CONF_KEYS_001","Smoke: List system configuration keys","List system configuration keys","API Api.data.json","Normal","❌ Failed","09 Jun 2026, 04:08:02 pm","09 Jun 2026, 04:08:03 pm","0.75 s","Chromium","api.data.json","2026-06-01","2026-06-01","Normal"
"API_TEN_FEAT_GET_001","Smoke: List enabled features for tenant","List enabled features for tenant","API Api.data.json","Normal","❌ Failed","09 Jun 2026, 04:08:01 pm","09 Jun 2026, 04:08:02 pm","0.84 s","Chromium","api.data.json","2026-06-01","2026-06-01","Normal"
"API_TENANT_COMPANIES_GET_COMPANY_3_ADMIN_PERMISSION","COMPANY_3_ADMIN should return 200 (PERMISSION)","","","","❌ Failed","09 Jun 2026, 04:09:52 pm","09 Jun 2026, 04:09:52 pm","0.27 s","Chromium","","—","—","Normal"
"API_TENANT_COMPANIES_GET_COMPANY_ADMIN_PERMISSION","COMPANY_ADMIN should return 200 (PERMISSION)","","","","✅ Passed","09 Jun 2026, 04:09:51 pm","09 Jun 2026, 04:09:52 pm","1.22 s","Chromium","","—","—","Normal"
"API_TENANT_COMPANIES_GET_COMPANY_VIEWER_PERMISSION","COMPANY_VIEWER should return 200 (PERMISSION)","","","","✅ Passed","09 Jun 2026, 04:09:52 pm","09 Jun 2026, 04:09:53 pm","1.23 s","Chromium","","—","—","Normal"
"API_TENANT_COMPANIES_GET_INVOICE_APPROVER_PERMISSION","INVOICE_APPROVER should return 200 (PERMISSION)","","","","✅ Passed","09 Jun 2026, 04:09:52 pm","09 Jun 2026, 04:09:53 pm","1.15 s","Chromium","","—","—","Normal"
"API_TENANT_COMPANIES_GET_INVOICE_CREATOR_PERMISSION","INVOICE_CREATOR should return 200 (PERMISSION)","","","","✅ Passed","09 Jun 2026, 04:09:52 pm","09 Jun 2026, 04:09:53 pm","1.53 s","Chromium","","—","—","Normal"
"API_TENANT_COMPANIES_GET_SUPER_ADMIN_PERMISSION","SUPER_ADMIN should return 200 (PERMISSION)","","","","✅ Passed","09 Jun 2026, 04:09:51 pm","09 Jun 2026, 04:09:52 pm","1.36 s","Chromium","","—","—","Normal"
"API_TENANT_COMPANIES_GET_TENANT_2_ADMIN_RESTRICTED","TENANT_2_ADMIN should return 403 (RESTRICTED)","","","","❌ Failed","09 Jun 2026, 04:09:52 pm","09 Jun 2026, 04:09:57 pm","4.60 s","Chromium","","—","—","Normal"
"API_TENANT_COMPANIES_GET_TENANT_ADMIN_PERMISSION","TENANT_ADMIN should return 200 (PERMISSION)","","","","✅ Passed","09 Jun 2026, 04:09:51 pm","09 Jun 2026, 04:09:52 pm","1.33 s","Chromium","","—","—","Normal"
"API_TENANT_COMPANIES_GET_TENANT_VIEWER_RESTRICTED","TENANT_VIEWER should return 403 (RESTRICTED)","","","","❌ Failed","09 Jun 2026, 04:09:54 pm","09 Jun 2026, 04:09:55 pm","1.54 s","Chromium","","—","—","Normal"
"API_TENANT_CREATE_COMPANY_2_ADMIN_RESTRICTED","COMPANY_2_ADMIN should return 403 (RESTRICTED)","","","","✅ Passed","09 Jun 2026, 04:09:55 pm","09 Jun 2026, 04:09:56 pm","0.66 s","Chromium","","—","—","Normal"
"API_TENANT_CREATE_COMPANY_ADMIN_RESTRICTED","COMPANY_ADMIN should return 403 (RESTRICTED)","","","","✅ Passed","09 Jun 2026, 04:09:55 pm","09 Jun 2026, 04:09:55 pm","0.27 s","Chromium","","—","—","Normal"
"API_TENANT_CREATE_COMPANY_VIEWER_RESTRICTED","COMPANY_VIEWER should return 403 (RESTRICTED)","","","","✅ Passed","09 Jun 2026, 04:09:55 pm","09 Jun 2026, 04:09:55 pm","0.63 s","Chromium","","—","—","Normal"
"API_TENANT_CREATE_INVOICE_APPROVER_RESTRICTED","INVOICE_APPROVER should return 403 (RESTRICTED)","","","","✅ Passed","09 Jun 2026, 04:09:55 pm","09 Jun 2026, 04:09:55 pm","0.40 s","Chromium","","—","—","Normal"
"API_TENANT_CREATE_INVOICE_CREATOR_RESTRICTED","INVOICE_CREATOR should return 403 (RESTRICTED)","","","","✅ Passed","09 Jun 2026, 04:09:55 pm","09 Jun 2026, 04:09:55 pm","0.23 s","Chromium","","—","—","Normal"
"API_TENANT_CREATE_NEGATIVE_DATA_SUPER_ADMIN_PERMISSION","SUPER_ADMIN should return 201 (PERMISSION)","","","","✅ Passed","09 Jun 2026, 04:09:56 pm","09 Jun 2026, 04:09:57 pm","0.86 s","Chromium","","—","—","Normal"
"API_TENANT_CREATE_SUPER_ADMIN_PERMISSION","SUPER_ADMIN should return 201 (PERMISSION)","","","","✅ Passed","09 Jun 2026, 04:09:54 pm","09 Jun 2026, 04:09:56 pm","1.06 s","Chromium","","—","—","Normal"
"API_TENANT_CREATE_TENANT_2_ADMIN_RESTRICTED","TENANT_2_ADMIN should return 403 (RESTRICTED)","","","","❌ Failed","09 Jun 2026, 04:09:56 pm","09 Jun 2026, 04:10:02 pm","5.29 s","Chromium","","—","—","Normal"
"API_TENANT_CREATE_TENANT_ADMIN_RESTRICTED","TENANT_ADMIN should return 403 (RESTRICTED)","","","","✅ Passed","09 Jun 2026, 04:09:57 pm","09 Jun 2026, 04:09:57 pm","0.39 s","Chromium","","—","—","Normal"
"API_TENANT_CREATE_TENANT_VIEWER_RESTRICTED","TENANT_VIEWER should return 403 (RESTRICTED)","","","","✅ Passed","09 Jun 2026, 04:09:55 pm","09 Jun 2026, 04:09:56 pm","0.14 s","Chromium","","—","—","Normal"
"API_TENANT_CREATE-1_SUPER_ADMIN_PERMISSION","SUPER_ADMIN should return 400 (PERMISSION)","","","","✅ Passed","09 Jun 2026, 04:09:56 pm","09 Jun 2026, 04:09:56 pm","0.12 s","Chromium","","—","—","Normal"
"API_TENANT_CREATE-1_TENANT_ADMIN_PERMISSION","TENANT_ADMIN should return 400 (PERMISSION)","","","","✅ Passed","09 Jun 2026, 04:09:56 pm","09 Jun 2026, 04:09:56 pm","0.12 s","Chromium","","—","—","Normal"
"API_TENANT_CREATE-1_TENANT_VIEWER_PERMISSION","TENANT_VIEWER should return 400 (PERMISSION)","","","","✅ Passed","09 Jun 2026, 04:09:56 pm","09 Jun 2026, 04:09:56 pm","0.36 s","Chromium","","—","—","Normal"
"API_TENANT_GET_BY_CODE_COMPANY_3_ADMIN_RESTRICTED","COMPANY_3_ADMIN should return 403 (RESTRICTED)","","","","✅ Passed","09 Jun 2026, 04:09:55 pm","09 Jun 2026, 04:09:56 pm","0.59 s","Chromium","","—","—","Normal"
"API_TENANT_GET_BY_CODE_COMPANY_ADMIN_RESTRICTED","COMPANY_ADMIN should return 403 (RESTRICTED)","","","","✅ Passed","09 Jun 2026, 04:09:53 pm","09 Jun 2026, 04:09:53 pm","0.30 s","Chromium","","—","—","Normal"
"API_TENANT_GET_BY_CODE_COMPANY_VIEWER_RESTRICTED","COMPANY_VIEWER should return 403 (RESTRICTED)","","","","✅ Passed","09 Jun 2026, 04:09:53 pm","09 Jun 2026, 04:09:54 pm","0.28 s","Chromium","","—","—","Normal"
"API_TENANT_GET_BY_CODE_INVOICE_APPROVER_RESTRICTED","INVOICE_APPROVER should return 403 (RESTRICTED)","","","","✅ Passed","09 Jun 2026, 04:09:54 pm","09 Jun 2026, 04:09:54 pm","0.63 s","Chromium","","—","—","Normal"
"API_TENANT_GET_BY_CODE_INVOICE_CREATOR_RESTRICTED","INVOICE_CREATOR should return 403 (RESTRICTED)","","","","✅ Passed","09 Jun 2026, 04:09:53 pm","09 Jun 2026, 04:09:54 pm","0.66 s","Chromium","","—","—","Normal"
"API_TENANT_GET_BY_CODE_SUPER_ADMIN_PERMISSION","SUPER_ADMIN should return 200 (PERMISSION)","","","","✅ Passed","09 Jun 2026, 04:09:54 pm","09 Jun 2026, 04:09:55 pm","0.68 s","Chromium","","—","—","Normal"
"API_TENANT_GET_BY_CODE_TENANT_2_ADMIN_RESTRICTED","TENANT_2_ADMIN should return 403 (RESTRICTED)","","","","❌ Failed","09 Jun 2026, 04:09:55 pm","09 Jun 2026, 04:10:00 pm","4.82 s","Chromium","","—","—","Normal"
"API_TENANT_GET_BY_CODE_TENANT_ADMIN_PERMISSION","TENANT_ADMIN should return 200 (PERMISSION)","","","","❌ Failed","09 Jun 2026, 04:09:53 pm","09 Jun 2026, 04:09:54 pm","0.62 s","Chromium","","—","—","Normal"
"API_TENANT_GET_BY_CODE_TENANT_VIEWER_RESTRICTED","TENANT_VIEWER should return 403 (RESTRICTED)","","","","✅ Passed","09 Jun 2026, 04:09:54 pm","09 Jun 2026, 04:09:54 pm","0.32 s","Chromium","","—","—","Normal"
"API_TENANT_GET_BY_ID_COMPANY_3_ADMIN_RESTRICTED","COMPANY_3_ADMIN should return 403 (RESTRICTED)","","","","✅ Passed","09 Jun 2026, 04:09:50 pm","09 Jun 2026, 04:09:51 pm","0.48 s","Chromium","","—","—","Normal"
"API_TENANT_GET_BY_ID_COMPANY_ADMIN_RESTRICTED","COMPANY_ADMIN should return 403 (RESTRICTED)","","","","✅ Passed","09 Jun 2026, 04:09:49 pm","09 Jun 2026, 04:09:50 pm","0.53 s","Chromium","","—","—","Normal"
"API_TENANT_GET_BY_ID_COMPANY_VIEWER_RESTRICTED","COMPANY_VIEWER should return 403 (RESTRICTED)","","","","✅ Passed","09 Jun 2026, 04:09:49 pm","09 Jun 2026, 04:09:50 pm","0.61 s","Chromium","","—","—","Normal"
"API_TENANT_GET_BY_ID_INVOICE_APPROVER_2_RESTRICTED","INVOICE_APPROVER_2 should return 403 (RESTRICTED)","","","","✅ Passed","09 Jun 2026, 04:09:49 pm","09 Jun 2026, 04:09:49 pm","0.46 s","Chromium","","—","—","Normal"
"API_TENANT_GET_BY_ID_INVOICE_APPROVER_RESTRICTED","INVOICE_APPROVER should return 403 (RESTRICTED)","","","","✅ Passed","09 Jun 2026, 04:09:50 pm","09 Jun 2026, 04:09:50 pm","0.58 s","Chromium","","—","—","Normal"
"API_TENANT_GET_BY_ID_INVOICE_CREATOR_2_RESTRICTED","INVOICE_CREATOR_2 should return 403 (RESTRICTED)","","","","✅ Passed","09 Jun 2026, 04:09:49 pm","09 Jun 2026, 04:09:49 pm","0.52 s","Chromium","","—","—","Normal"
"API_TENANT_GET_BY_ID_INVOICE_CREATOR_RESTRICTED","INVOICE_CREATOR should return 403 (RESTRICTED)","","","","✅ Passed","09 Jun 2026, 04:09:50 pm","09 Jun 2026, 04:09:50 pm","0.24 s","Chromium","","—","—","Normal"
"API_TENANT_GET_BY_ID_SUPER_ADMIN_PERMISSION","SUPER_ADMIN should return 200 (PERMISSION)","","","","✅ Passed","09 Jun 2026, 04:09:48 pm","09 Jun 2026, 04:09:49 pm","0.51 s","Chromium","","—","—","Normal"
"API_TENANT_GET_BY_ID_TENANT_2_ADMIN_RESTRICTED","TENANT_2_ADMIN should return 403 (RESTRICTED)","","","","❌ Failed","09 Jun 2026, 04:09:49 pm","09 Jun 2026, 04:09:54 pm","4.61 s","Chromium","","—","—","Normal"
"API_TENANT_GET_BY_ID_TENANT_3_ADMIN_RESTRICTED","TENANT_3_ADMIN should return 403 (RESTRICTED)","","","","✅ Passed","09 Jun 2026, 04:09:50 pm","09 Jun 2026, 04:09:50 pm","0.36 s","Chromium","","—","—","Normal"
"API_TENANT_GET_BY_ID_TENANT_ADMIN_PERMISSION","TENANT_ADMIN should return 200 (PERMISSION)","","","","✅ Passed","09 Jun 2026, 04:09:48 pm","09 Jun 2026, 04:09:49 pm","0.57 s","Chromium","","—","—","Normal"
"API_TENANT_GET_BY_ID_TENANT_VIEWER_RESTRICTED","TENANT_VIEWER should return 403 (RESTRICTED)","","","","❌ Failed","09 Jun 2026, 04:09:49 pm","09 Jun 2026, 04:09:50 pm","0.50 s","Chromium","","—","—","Normal"
"API_TENANT_GET_COMPANY_2_ADMIN_RESTRICTED","COMPANY_2_ADMIN should return 403 (RESTRICTED)","","","","✅ Passed","09 Jun 2026, 04:09:48 pm","09 Jun 2026, 04:09:49 pm","0.53 s","Chromium","","—","—","Normal"
"API_TENANT_GET_COMPANY_ADMIN_RESTRICTED","COMPANY_ADMIN should return 403 (RESTRICTED)","","","","✅ Passed","09 Jun 2026, 04:09:48 pm","09 Jun 2026, 04:09:48 pm","0.77 s","Chromium","","—","—","Normal"
"API_TENANT_GET_COMPANY_VIEWER_RESTRICTED","COMPANY_VIEWER should return 403 (RESTRICTED)","","","","✅ Passed","09 Jun 2026, 04:09:48 pm","09 Jun 2026, 04:09:48 pm","0.61 s","Chromium","","—","—","Normal"
"API_TENANT_GET_INVOICE_APPROVER_RESTRICTED","INVOICE_APPROVER should return 403 (RESTRICTED)","","","","✅ Passed","09 Jun 2026, 04:09:48 pm","09 Jun 2026, 04:09:48 pm","0.61 s","Chromium","","—","—","Normal"
"API_TENANT_GET_INVOICE_CREATOR_RESTRICTED","INVOICE_CREATOR should return 403 (RESTRICTED)","","","","✅ Passed","09 Jun 2026, 04:09:48 pm","09 Jun 2026, 04:09:48 pm","0.57 s","Chromium","","—","—","Normal"
"API_TENANT_GET_SUPER_ADMIN_PERMISSION","SUPER_ADMIN should return 200 (PERMISSION)","","","","✅ Passed","09 Jun 2026, 04:09:48 pm","09 Jun 2026, 04:09:50 pm","1.32 s","Chromium","","—","—","Normal"
"API_TENANT_GET_TENANT_2_ADMIN_RESTRICTED","TENANT_2_ADMIN should return 403 (RESTRICTED)","","","","❌ Failed","09 Jun 2026, 04:09:48 pm","09 Jun 2026, 04:09:53 pm","4.51 s","Chromium","","—","—","Normal"
"API_TENANT_GET_TENANT_3_ADMIN_RESTRICTED","TENANT_3_ADMIN should return 403 (RESTRICTED)","","","","✅ Passed","09 Jun 2026, 04:09:48 pm","09 Jun 2026, 04:09:49 pm","0.37 s","Chromium","","—","—","Normal"
"API_TENANT_GET_TENANT_ADMIN_RESTRICTED","TENANT_ADMIN should return 403 (RESTRICTED)","","","","✅ Passed","09 Jun 2026, 04:09:47 pm","09 Jun 2026, 04:09:48 pm","0.21 s","Chromium","","—","—","Normal"
"API_TENANT_GET_TENANT_VIEWER_RESTRICTED","TENANT_VIEWER should return 403 (RESTRICTED)","","","","✅ Passed","09 Jun 2026, 04:09:47 pm","09 Jun 2026, 04:09:48 pm","0.33 s","Chromium","","—","—","Normal"
"API_TENANT_SEARCH_COMPANY_2_ADMIN_RESTRICTED","COMPANY_2_ADMIN should return 403 (RESTRICTED)","","","","✅ Passed","09 Jun 2026, 04:09:57 pm","09 Jun 2026, 04:09:58 pm","0.62 s","Chromium","","—","—","Normal"
"API_TENANT_SEARCH_COMPANY_ADMIN_RESTRICTED","COMPANY_ADMIN should return 403 (RESTRICTED)","","","","✅ Passed","09 Jun 2026, 04:09:58 pm","09 Jun 2026, 04:09:58 pm","0.53 s","Chromium","","—","—","Normal"
"API_TENANT_SEARCH_COMPANY_VIEWER_RESTRICTED","COMPANY_VIEWER should return 403 (RESTRICTED)","","","","✅ Passed","09 Jun 2026, 04:09:58 pm","09 Jun 2026, 04:09:58 pm","0.28 s","Chromium","","—","—","Normal"
"API_TENANT_SEARCH_INVOICE_APPROVER_RESTRICTED","INVOICE_APPROVER should return 403 (RESTRICTED)","","","","✅ Passed","09 Jun 2026, 04:09:57 pm","09 Jun 2026, 04:09:57 pm","0.26 s","Chromium","","—","—","Normal"
"API_TENANT_SEARCH_INVOICE_CREATOR_RESTRICTED","INVOICE_CREATOR should return 403 (RESTRICTED)","","","","✅ Passed","09 Jun 2026, 04:09:57 pm","09 Jun 2026, 04:09:58 pm","0.57 s","Chromium","","—","—","Normal"
"API_TENANT_SEARCH_SUPER_ADMIN_PERMISSION","SUPER_ADMIN should return 200 (PERMISSION)","","","","✅ Passed","09 Jun 2026, 04:09:58 pm","09 Jun 2026, 04:10:00 pm","1.49 s","Chromium","","—","—","Normal"
"API_TENANT_SEARCH_TENANT_2_ADMIN_RESTRICTED","TENANT_2_ADMIN should return 403 (RESTRICTED)","","","","❌ Failed","09 Jun 2026, 04:09:57 pm","09 Jun 2026, 04:10:03 pm","5.75 s","Chromium","","—","—","Normal"
"API_TENANT_SEARCH_TENANT_ADMIN_RESTRICTED","TENANT_ADMIN should return 403 (RESTRICTED)","","","","✅ Passed","09 Jun 2026, 04:09:57 pm","09 Jun 2026, 04:09:58 pm","0.39 s","Chromium","","—","—","Normal"
"API_TENANT_SEARCH_TENANT_VIEWER_RESTRICTED","TENANT_VIEWER should return 403 (RESTRICTED)","","","","✅ Passed","09 Jun 2026, 04:09:58 pm","09 Jun 2026, 04:09:58 pm","0.11 s","Chromium","","—","—","Normal"
"API_TENANT_STATUS_PATCH_COMPANY_2_ADMIN_RESTRICTED","COMPANY_2_ADMIN should return 403 (RESTRICTED)","","","","✅ Passed","09 Jun 2026, 04:09:59 pm","09 Jun 2026, 04:09:59 pm","0.19 s","Chromium","","—","—","Normal"
"API_TENANT_STATUS_PATCH_COMPANY_ADMIN_RESTRICTED","COMPANY_ADMIN should return 403 (RESTRICTED)","","","","✅ Passed","09 Jun 2026, 04:09:58 pm","09 Jun 2026, 04:09:59 pm","0.23 s","Chromium","","—","—","Normal"
"API_TENANT_STATUS_PATCH_COMPANY_VIEWER_RESTRICTED","COMPANY_VIEWER should return 403 (RESTRICTED)","","","","✅ Passed","09 Jun 2026, 04:09:58 pm","09 Jun 2026, 04:09:59 pm","0.33 s","Chromium","","—","—","Normal"
"API_TENANT_STATUS_PATCH_INVOICE_APPROVER_RESTRICTED","INVOICE_APPROVER should return 403 (RESTRICTED)","","","","✅ Passed","09 Jun 2026, 04:09:59 pm","09 Jun 2026, 04:09:59 pm","0.32 s","Chromium","","—","—","Normal"
"API_TENANT_STATUS_PATCH_INVOICE_CREATOR_RESTRICTED","INVOICE_CREATOR should return 403 (RESTRICTED)","","","","✅ Passed","09 Jun 2026, 04:09:58 pm","09 Jun 2026, 04:09:59 pm","0.23 s","Chromium","","—","—","Normal"
"API_TENANT_STATUS_PATCH_SUPER_ADMIN_PERMISSION","SUPER_ADMIN should return 200 (PERMISSION)","","","","✅ Passed","09 Jun 2026, 04:09:58 pm","09 Jun 2026, 04:09:58 pm","0.35 s","Chromium","","—","—","Normal"
"API_TENANT_STATUS_PATCH_TENANT_2_ADMIN_RESTRICTED","TENANT_2_ADMIN should return 403 (RESTRICTED)","","","","❌ Failed","09 Jun 2026, 04:09:59 pm","09 Jun 2026, 04:10:05 pm","6.78 s","Chromium","","—","—","Normal"
"API_TENANT_STATUS_PATCH_TENANT_ADMIN_RESTRICTED","TENANT_ADMIN should return 403 (RESTRICTED)","","","","✅ Passed","09 Jun 2026, 04:09:58 pm","09 Jun 2026, 04:09:58 pm","0.10 s","Chromium","","—","—","Normal"
"API_TENANT_STATUS_PATCH_TENANT_VIEWER_RESTRICTED","TENANT_VIEWER should return 403 (RESTRICTED)","","","","✅ Passed","09 Jun 2026, 04:09:58 pm","09 Jun 2026, 04:09:58 pm","0.12 s","Chromium","","—","—","Normal"
"API_TENANT_UPDATE_COMPANY_2_ADMIN_RESTRICTED","COMPANY_2_ADMIN should return 403 (RESTRICTED)","","","","✅ Passed","09 Jun 2026, 04:10:00 pm","09 Jun 2026, 04:10:00 pm","0.61 s","Chromium","","—","—","Normal"
"API_TENANT_UPDATE_COMPANY_ADMIN_RESTRICTED","COMPANY_ADMIN should return 403 (RESTRICTED)","","","","✅ Passed","09 Jun 2026, 04:09:59 pm","09 Jun 2026, 04:09:59 pm","0.38 s","Chromium","","—","—","Normal"
"API_TENANT_UPDATE_COMPANY_VIEWER_RESTRICTED","COMPANY_VIEWER should return 403 (RESTRICTED)","","","","✅ Passed","09 Jun 2026, 04:09:59 pm","09 Jun 2026, 04:10:00 pm","0.39 s","Chromium","","—","—","Normal"
"API_TENANT_UPDATE_INVOICE_APPROVER_RESTRICTED","INVOICE_APPROVER should return 403 (RESTRICTED)","","","","✅ Passed","09 Jun 2026, 04:10:00 pm","09 Jun 2026, 04:10:00 pm","0.38 s","Chromium","","—","—","Normal"
"API_TENANT_UPDATE_INVOICE_CREATOR_RESTRICTED","INVOICE_CREATOR should return 403 (RESTRICTED)","","","","✅ Passed","09 Jun 2026, 04:09:59 pm","09 Jun 2026, 04:10:00 pm","0.27 s","Chromium","","—","—","Normal"
"API_TENANT_UPDATE_SUPER_ADMIN_PERMISSION","SUPER_ADMIN should return 200 (PERMISSION)","","","","✅ Passed","09 Jun 2026, 04:09:59 pm","09 Jun 2026, 04:09:59 pm","0.33 s","Chromium","","—","—","Normal"
"API_TENANT_UPDATE_TENANT_2_ADMIN_RESTRICTED","TENANT_2_ADMIN should return 403 (RESTRICTED)","","","","❌ Failed","09 Jun 2026, 04:10:00 pm","09 Jun 2026, 04:10:08 pm","8.24 s","Chromium","","—","—","Normal"
"API_TENANT_UPDATE_TENANT_ADMIN_RESTRICTED","TENANT_ADMIN should return 403 (RESTRICTED)","","","","✅ Passed","09 Jun 2026, 04:10:01 pm","09 Jun 2026, 04:10:02 pm","0.51 s","Chromium","","—","—","Normal"
"API_TENANT_UPDATE_TENANT_VIEWER_RESTRICTED","TENANT_VIEWER should return 403 (RESTRICTED)","","","","✅ Passed","09 Jun 2026, 04:10:00 pm","09 Jun 2026, 04:10:00 pm","0.09 s","Chromium","","—","—","Normal"
"API_TENANT_USER_CREATE_COMPANY_2_ADMIN_RESTRICTED","COMPANY_2_ADMIN should return 403 (RESTRICTED)","","","","✅ Passed","09 Jun 2026, 04:09:57 pm","09 Jun 2026, 04:09:57 pm","0.61 s","Chromium","","—","—","Normal"
"API_TENANT_USER_CREATE_COMPANY_ADMIN_RESTRICTED","COMPANY_ADMIN should return 403 (RESTRICTED)","","","","✅ Passed","09 Jun 2026, 04:09:56 pm","09 Jun 2026, 04:09:57 pm","0.65 s","Chromium","","—","—","Normal"
"API_TENANT_USER_CREATE_COMPANY_VIEWER_RESTRICTED","COMPANY_VIEWER should return 403 (RESTRICTED)","","","","✅ Passed","09 Jun 2026, 04:09:56 pm","09 Jun 2026, 04:09:57 pm","0.31 s","Chromium","","—","—","Normal"
"API_TENANT_USER_CREATE_INVOICE_APPROVER_RESTRICTED","INVOICE_APPROVER should return 403 (RESTRICTED)","","","","✅ Passed","09 Jun 2026, 04:09:57 pm","09 Jun 2026, 04:09:57 pm","0.55 s","Chromium","","—","—","Normal"
"API_TENANT_USER_CREATE_INVOICE_CREATOR_RESTRICTED","INVOICE_CREATOR should return 403 (RESTRICTED)","","","","✅ Passed","09 Jun 2026, 04:09:57 pm","09 Jun 2026, 04:09:57 pm","0.31 s","Chromium","","—","—","Normal"
"API_TENANT_USER_CREATE_SUPER_ADMIN_PERMISSION","SUPER_ADMIN should return 200 (PERMISSION)","","","","✅ Passed","09 Jun 2026, 04:09:56 pm","09 Jun 2026, 04:09:57 pm","0.89 s","Chromium","","—","—","Normal"
"API_TENANT_USER_CREATE_TENANT_2_ADMIN_RESTRICTED","TENANT_2_ADMIN should return 403 (RESTRICTED)","","","","❌ Failed","09 Jun 2026, 04:09:57 pm","09 Jun 2026, 04:10:02 pm","5.01 s","Chromium","","—","—","Normal"
"API_TENANT_USER_CREATE_TENANT_ADMIN_RESTRICTED","TENANT_ADMIN should return 403 (RESTRICTED)","","","","✅ Passed","09 Jun 2026, 04:09:56 pm","09 Jun 2026, 04:09:56 pm","0.44 s","Chromium","","—","—","Normal"
"API_TENANT_USER_CREATE_TENANT_VIEWER_RESTRICTED","TENANT_VIEWER should return 403 (RESTRICTED)","","","","✅ Passed","09 Jun 2026, 04:09:56 pm","09 Jun 2026, 04:09:56 pm","0.13 s","Chromium","","—","—","Normal"
"API_TENANT_USERS_GET_COMPANY_3_ADMIN_RESTRICTED","COMPANY_3_ADMIN should return 403 (RESTRICTED)","","","","✅ Passed","09 Jun 2026, 04:09:50 pm","09 Jun 2026, 04:09:51 pm","0.45 s","Chromium","","—","—","Normal"
"API_TENANT_USERS_GET_COMPANY_ADMIN_RESTRICTED","COMPANY_ADMIN should return 403 (RESTRICTED)","","","","✅ Passed","09 Jun 2026, 04:09:50 pm","09 Jun 2026, 04:09:50 pm","0.25 s","Chromium","","—","—","Normal"
"API_TENANT_USERS_GET_COMPANY_VIEWER_RESTRICTED","COMPANY_VIEWER should return 403 (RESTRICTED)","","","","✅ Passed","09 Jun 2026, 04:09:50 pm","09 Jun 2026, 04:09:51 pm","0.54 s","Chromium","","—","—","Normal"
"API_TENANT_USERS_GET_INVOICE_APPROVER_RESTRICTED","INVOICE_APPROVER should return 403 (RESTRICTED)","","","","✅ Passed","09 Jun 2026, 04:09:50 pm","09 Jun 2026, 04:09:50 pm","0.26 s","Chromium","","—","—","Normal"
"API_TENANT_USERS_GET_INVOICE_CREATOR_RESTRICTED","INVOICE_CREATOR should return 403 (RESTRICTED)","","","","✅ Passed","09 Jun 2026, 04:09:50 pm","09 Jun 2026, 04:09:50 pm","0.36 s","Chromium","","—","—","Normal"
"API_TENANT_USERS_GET_SUPER_ADMIN_PERMISSION","SUPER_ADMIN should return 200 (PERMISSION)","","","","✅ Passed","09 Jun 2026, 04:09:51 pm","09 Jun 2026, 04:09:52 pm","0.54 s","Chromium","","—","—","Normal"
"API_TENANT_USERS_GET_TENANT_2_ADMIN_RESTRICTED","TENANT_2_ADMIN should return 403 (RESTRICTED)","","","","❌ Failed","09 Jun 2026, 04:09:50 pm","09 Jun 2026, 04:09:55 pm","4.64 s","Chromium","","—","—","Normal"
"API_TENANT_USERS_GET_TENANT_ADMIN_RESTRICTED","TENANT_ADMIN should return 403 (RESTRICTED)","","","","✅ Passed","09 Jun 2026, 04:09:51 pm","09 Jun 2026, 04:09:51 pm","0.10 s","Chromium","","—","—","Normal"
"API_TENANT_USERS_GET_TENANT_VIEWER_RESTRICTED","TENANT_VIEWER should return 403 (RESTRICTED)","","","","✅ Passed","09 Jun 2026, 04:09:51 pm","09 Jun 2026, 04:09:51 pm","0.34 s","Chromium","","—","—","Normal"
"API_TERM_001","Extended: Create Invoice Terms (Success)","Create Invoice Terms (Success)","API Extended.data.json","Normal","❌ Failed","09 Jun 2026, 04:08:36 pm","09 Jun 2026, 04:08:36 pm","0.26 s","Chromium","extended.data.json","2026-06-01","2026-06-01","Normal"
"API_TERM_002","Extended: List Invoice Terms","List Invoice Terms","API Extended.data.json","Normal","❌ Failed","09 Jun 2026, 04:08:37 pm","09 Jun 2026, 04:08:38 pm","0.77 s","Chromium","extended.data.json","2026-06-01","2026-06-01","Normal"
"API_TERM_TMPL_001","Extended: Download Invoice Terms Template","Download Invoice Terms Template","API Extended.data.json","Normal","✅ Passed","09 Jun 2026, 04:08:36 pm","09 Jun 2026, 04:08:37 pm","0.68 s","Chromium","extended.data.json","2026-06-01","2026-06-01","Normal"
"API_UNAUTH_001","Unauth: Cannot GET /users without token","Cannot GET /users without token","API Without.token.data.json","Normal","✅ Passed","09 Jun 2026, 04:10:00 pm","09 Jun 2026, 04:10:00 pm","0.01 s","Chromium","without.token.data.json","2026-06-01","2026-06-01","Normal"
"API_UNAUTH_002","Unauth: Cannot GET /tenants without token","Cannot GET /tenants without token","API Without.token.data.json","Normal","✅ Passed","09 Jun 2026, 04:10:00 pm","09 Jun 2026, 04:10:00 pm","0.01 s","Chromium","without.token.data.json","2026-06-01","2026-06-01","Normal"
"API_UNAUTH_003","Unauth: Cannot GET /companies without token","Cannot GET /companies without token","API Without.token.data.json","Normal","✅ Passed","09 Jun 2026, 04:10:00 pm","09 Jun 2026, 04:10:00 pm","0.01 s","Chromium","without.token.data.json","2026-06-01","2026-06-01","Normal"
"API_UNAUTH_004","Unauth: Cannot GET /invoices without token","Cannot GET /invoices without token","API Without.token.data.json","Normal","✅ Passed","09 Jun 2026, 04:10:00 pm","09 Jun 2026, 04:10:00 pm","0.01 s","Chromium","without.token.data.json","2026-06-01","2026-06-01","Normal"
"API_UNAUTH_005","Unauth: Cannot GET /company-users without token","Cannot GET /company-users without token","API Without.token.data.json","Normal","✅ Passed","09 Jun 2026, 04:10:00 pm","09 Jun 2026, 04:10:00 pm","0.01 s","Chromium","without.token.data.json","2026-06-01","2026-06-01","Normal"
"API_UNAUTH_006","Unauth: Cannot GET /users/me without token","Cannot GET /users/me without token","API Without.token.data.json","Normal","✅ Passed","09 Jun 2026, 04:10:00 pm","09 Jun 2026, 04:10:00 pm","0.02 s","Chromium","without.token.data.json","2026-06-01","2026-06-01","Normal"
"API_UNAUTH_007","Unauth: Cannot POST /invoices without token","Cannot POST /invoices without token","API Without.token.data.json","Normal","✅ Passed","09 Jun 2026, 04:10:00 pm","09 Jun 2026, 04:10:00 pm","0.01 s","Chromium","without.token.data.json","2026-06-01","2026-06-01","Normal"
"API_UNAUTH_008","Unauth: Cannot POST /users without token","Cannot POST /users without token","API Without.token.data.json","Normal","✅ Passed","09 Jun 2026, 04:10:00 pm","09 Jun 2026, 04:10:00 pm","0.01 s","Chromium","without.token.data.json","2026-06-01","2026-06-01","Normal"
"API_UNAUTH_009","Unauth: Cannot GET /sellers without token","Cannot GET /sellers without token","API Without.token.data.json","Normal","✅ Passed","09 Jun 2026, 04:10:00 pm","09 Jun 2026, 04:10:00 pm","0.02 s","Chromium","without.token.data.json","2026-06-01","2026-06-01","Normal"
"API_UNAUTH_010","Unauth: Cannot GET /buyers without token","Cannot GET /buyers without token","API Without.token.data.json","Normal","✅ Passed","09 Jun 2026, 04:10:00 pm","09 Jun 2026, 04:10:00 pm","0.01 s","Chromium","without.token.data.json","2026-06-01","2026-06-01","Normal"
"API_UNAUTH_011","Unauth: Cannot GET /payees without token","Cannot GET /payees without token","API Without.token.data.json","Normal","✅ Passed","09 Jun 2026, 04:10:00 pm","09 Jun 2026, 04:10:00 pm","0.01 s","Chromium","without.token.data.json","2026-06-01","2026-06-01","Normal"
"API_UNAUTH_012","Unauth: Cannot GET /item-information without token","Cannot GET /item-information without token","API Without.token.data.json","Normal","✅ Passed","09 Jun 2026, 04:10:00 pm","09 Jun 2026, 04:10:00 pm","0.01 s","Chromium","without.token.data.json","2026-06-01","2026-06-01","Normal"
"API_UNAUTH_013","Unauth: Cannot GET /delivery-information without token","Cannot GET /delivery-information without token","API Without.token.data.json","Normal","✅ Passed","09 Jun 2026, 04:10:00 pm","09 Jun 2026, 04:10:00 pm","0.02 s","Chromium","without.token.data.json","2026-06-01","2026-06-01","Normal"
"API_UNAUTH_014","Unauth: Cannot GET /periods without token","Cannot GET /periods without token","API Without.token.data.json","Normal","✅ Passed","09 Jun 2026, 04:10:00 pm","09 Jun 2026, 04:10:00 pm","0.01 s","Chromium","without.token.data.json","2026-06-01","2026-06-01","Normal"
"API_UNAUTH_015","Unauth: Cannot GET /notifications without token","Cannot GET /notifications without token","API Without.token.data.json","Normal","✅ Passed","09 Jun 2026, 04:10:00 pm","09 Jun 2026, 04:10:00 pm","0.01 s","Chromium","without.token.data.json","2026-06-01","2026-06-01","Normal"
"API_UNAUTH_016","Unauth: Cannot GET /exchange-rates without token","Cannot GET /exchange-rates without token","API Without.token.data.json","Normal","✅ Passed","09 Jun 2026, 04:10:00 pm","09 Jun 2026, 04:10:00 pm","0.02 s","Chromium","without.token.data.json","2026-06-01","2026-06-01","Normal"
"API_UNAUTH_017","Unauth: Cannot GET /batches without token","Cannot GET /batches without token","API Without.token.data.json","Normal","✅ Passed","09 Jun 2026, 04:10:00 pm","09 Jun 2026, 04:10:00 pm","0.01 s","Chromium","without.token.data.json","2026-06-01","2026-06-01","Normal"
"API_UNAUTH_018","Unauth: Cannot GET /invoice-types without token","Cannot GET /invoice-types without token","API Without.token.data.json","Normal","✅ Passed","09 Jun 2026, 04:10:00 pm","09 Jun 2026, 04:10:00 pm","0.01 s","Chromium","without.token.data.json","2026-06-01","2026-06-01","Normal"
"API_UNAUTH_019","Unauth: Cannot GET /codelists/cl-tax-exemption-reasons without token","Cannot GET /codelists/cl-tax-exemption-reasons without token","API Without.token.data.json","Normal","✅ Passed","09 Jun 2026, 04:10:00 pm","09 Jun 2026, 04:10:00 pm","0.01 s","Chromium","without.token.data.json","2026-06-01","2026-06-01","Normal"
"API_UNAUTH_020","Unauth: Cannot GET /codelists/cl-payment-means without token","Cannot GET /codelists/cl-payment-means without token","API Without.token.data.json","Normal","✅ Passed","09 Jun 2026, 04:10:00 pm","09 Jun 2026, 04:10:01 pm","0.02 s","Chromium","without.token.data.json","2026-06-01","2026-06-01","Normal"
"API_UNAUTH_021","Unauth: Cannot GET /mfa/devices without token","Cannot GET /mfa/devices without token","API Without.token.data.json","Normal","❌ Failed","09 Jun 2026, 04:10:00 pm","09 Jun 2026, 04:10:01 pm","0.03 s","Chromium","without.token.data.json","2026-06-01","2026-06-01","Normal"
"API_UNAUTH_022","Unauth: Cannot GET /mfa/settings without token","Cannot GET /mfa/settings without token","API Without.token.data.json","Normal","❌ Failed","09 Jun 2026, 04:10:01 pm","09 Jun 2026, 04:10:01 pm","0.04 s","Chromium","without.token.data.json","2026-06-01","2026-06-01","Normal"
"API_UNAUTH_023","Unauth: Cannot GET /integration/corner3/sent-invoices without token","Cannot GET /integration/corner3/sent-invoices without token","API Without.token.data.json","Normal","✅ Passed","09 Jun 2026, 04:10:02 pm","09 Jun 2026, 04:10:02 pm","0.10 s","Chromium","without.token.data.json","2026-06-01","2026-06-01","Normal"
"API_UNAUTH_024","Unauth: Cannot GET /tenant-resolution without token","Cannot GET /tenant-resolution without token","API Without.token.data.json","Normal","✅ Passed","09 Jun 2026, 04:10:02 pm","09 Jun 2026, 04:10:02 pm","0.06 s","Chromium","without.token.data.json","2026-06-01","2026-06-01","Normal"
"API_UNAUTH_025","Unauth: Cannot GET /codelists/cl-units-of-measure without token","Cannot GET /codelists/cl-units-of-measure without token","API Without.token.data.json","Normal","✅ Passed","09 Jun 2026, 04:10:04 pm","09 Jun 2026, 04:10:04 pm","0.12 s","Chromium","without.token.data.json","2026-06-01","2026-06-01","Normal"
"API_UNAUTH_026","Unauth: Cannot POST /auth/refresh without token","Cannot POST /auth/refresh without token","API Without.token.data.json","Normal","❌ Failed","09 Jun 2026, 04:10:04 pm","09 Jun 2026, 04:10:04 pm","0.13 s","Chromium","without.token.data.json","2026-06-01","2026-06-01","Normal"
"API_UNAUTH_027","Unauth: Cannot GET /invoices/some-id/xml without token","Cannot GET /invoices/some-id/xml without token","API Without.token.data.json","Normal","✅ Passed","09 Jun 2026, 04:10:02 pm","09 Jun 2026, 04:10:02 pm","0.03 s","Chromium","without.token.data.json","2026-06-01","2026-06-01","Normal"
"API_UNAUTH_028","Unauth: Cannot DELETE /company-users/some-id without token","Cannot DELETE /company-users/some-id without token","API Without.token.data.json","Normal","✅ Passed","09 Jun 2026, 04:10:02 pm","09 Jun 2026, 04:10:02 pm","0.02 s","Chromium","without.token.data.json","2026-06-01","2026-06-01","Normal"
"API_UNAUTH_029","Unauth: Cannot POST /mobile/auth/login without token","Cannot POST /mobile/auth/login without token","API Without.token.data.json","Normal","✅ Passed","09 Jun 2026, 04:10:02 pm","09 Jun 2026, 04:10:02 pm","0.03 s","Chromium","without.token.data.json","2026-06-01","2026-06-01","Normal"
"API_UNAUTH_030","Unauth: Cannot GET /users/settings without token","Cannot GET /users/settings without token","API Without.token.data.json","Normal","✅ Passed","09 Jun 2026, 04:10:02 pm","09 Jun 2026, 04:10:02 pm","0.04 s","Chromium","without.token.data.json","2026-06-01","2026-06-01","Normal"
"API_UNAUTH_031","Unauth: Cannot PUT /sellers/some-id without token","Cannot PUT /sellers/some-id without token","API Without.token.data.json","Normal","✅ Passed","09 Jun 2026, 04:10:02 pm","09 Jun 2026, 04:10:02 pm","0.02 s","Chromium","without.token.data.json","2026-06-01","2026-06-01","Normal"
"API_UNAUTH_032","Unauth: Cannot DELETE /buyers/some-id without token","Cannot DELETE /buyers/some-id without token","API Without.token.data.json","Normal","✅ Passed","09 Jun 2026, 04:10:02 pm","09 Jun 2026, 04:10:02 pm","0.03 s","Chromium","without.token.data.json","2026-06-01","2026-06-01","Normal"
"API_UNAUTH_033","Unauth: Cannot POST /codelists/cl-units-of-measure without token","Cannot POST /codelists/cl-units-of-measure without token","API Without.token.data.json","Normal","✅ Passed","09 Jun 2026, 04:10:02 pm","09 Jun 2026, 04:10:02 pm","0.02 s","Chromium","without.token.data.json","2026-06-01","2026-06-01","Normal"
"API_UNAUTH_034","Unauth: Cannot GET /invoices with query params without token","Cannot GET /invoices with query params without token","API Without.token.data.json","Normal","✅ Passed","09 Jun 2026, 04:10:02 pm","09 Jun 2026, 04:10:02 pm","0.03 s","Chromium","without.token.data.json","2026-06-01","2026-06-01","Normal"
"API_UNAUTH_035","Unauth: Cannot PATCH /users/me/password without token","Cannot PATCH /users/me/password without token","API Without.token.data.json","Normal","✅ Passed","09 Jun 2026, 04:10:02 pm","09 Jun 2026, 04:10:02 pm","0.02 s","Chromium","without.token.data.json","2026-06-01","2026-06-01","Normal"
"API_UNAUTH_036","Unauth: Cannot GET /audit-logs without token","Cannot GET /audit-logs without token","API Without.token.data.json","Normal","✅ Passed","09 Jun 2026, 04:10:02 pm","09 Jun 2026, 04:10:02 pm","0.03 s","Chromium","without.token.data.json","2026-06-01","2026-06-01","Normal"
"API_UNAUTH_037","Unauth: Cannot GET /users/me/profile-image without token","Cannot GET /users/me/profile-image without token","API Without.token.data.json","Normal","✅ Passed","09 Jun 2026, 04:10:02 pm","09 Jun 2026, 04:10:02 pm","0.03 s","Chromium","without.token.data.json","2026-06-01","2026-06-01","Normal"
"API_UNAUTH_038","Unauth: Cannot POST /mfa/challenge without token","Cannot POST /mfa/challenge without token","API Without.token.data.json","Normal","❌ Failed","09 Jun 2026, 04:10:02 pm","09 Jun 2026, 04:10:02 pm","0.06 s","Chromium","without.token.data.json","2026-06-01","2026-06-01","Normal"
"API_UNAUTH_039","Unauth: Cannot GET /system/password-policy without token","Cannot GET /system/password-policy without token","API Without.token.data.json","Normal","✅ Passed","09 Jun 2026, 04:10:02 pm","09 Jun 2026, 04:10:02 pm","0.03 s","Chromium","without.token.data.json","2026-06-01","2026-06-01","Normal"
"API_UNAUTH_040","Unauth: Cannot POST /users/invite without token","Cannot POST /users/invite without token","API Without.token.data.json","Normal","✅ Passed","09 Jun 2026, 04:10:02 pm","09 Jun 2026, 04:10:02 pm","0.04 s","Chromium","without.token.data.json","2026-06-01","2026-06-01","Normal"
"API_UNAUTH_041","Unauth: Cannot POST /mfa/enroll without token","Cannot POST /mfa/enroll without token","API Without.token.data.json","Normal","❌ Failed","09 Jun 2026, 04:10:02 pm","09 Jun 2026, 04:10:03 pm","0.05 s","Chromium","without.token.data.json","2026-06-01","2026-06-01","Normal"
"API_UNAUTH_042","Unauth: Cannot PATCH /tenants/some-id/activate without token","Cannot PATCH /tenants/some-id/activate without token","API Without.token.data.json","Normal","✅ Passed","09 Jun 2026, 04:10:02 pm","09 Jun 2026, 04:10:03 pm","0.02 s","Chromium","without.token.data.json","2026-06-01","2026-06-01","Normal"
"API_UNAUTH_043","Unauth: Cannot PUT /users/some-id/roles without token","Cannot PUT /users/some-id/roles without token","API Without.token.data.json","Normal","✅ Passed","09 Jun 2026, 04:10:05 pm","09 Jun 2026, 04:10:05 pm","0.09 s","Chromium","without.token.data.json","2026-06-01","2026-06-01","Normal"
"API_UNAUTH_044","Unauth: Cannot POST /batches/some-id/cancel without token","Cannot POST /batches/some-id/cancel without token","API Without.token.data.json","Normal","✅ Passed","09 Jun 2026, 04:10:03 pm","09 Jun 2026, 04:10:03 pm","0.02 s","Chromium","without.token.data.json","2026-06-01","2026-06-01","Normal"
"API_UNAUTH_045","Unauth: Cannot PATCH /users/some-id/activate without token","Cannot PATCH /users/some-id/activate without token","API Without.token.data.json","Normal","✅ Passed","09 Jun 2026, 04:10:03 pm","09 Jun 2026, 04:10:03 pm","0.04 s","Chromium","without.token.data.json","2026-06-01","2026-06-01","Normal"
"API_UNAUTH_046","Unauth: Cannot POST /invoices/some-id/attachments without token","Cannot POST /invoices/some-id/attachments without token","API Without.token.data.json","Normal","✅ Passed","09 Jun 2026, 04:10:05 pm","09 Jun 2026, 04:10:05 pm","0.08 s","Chromium","without.token.data.json","2026-06-01","2026-06-01","Normal"
"API_UNAUTH_047","Unauth: Cannot POST /notifications/read-all without token","Cannot POST /notifications/read-all without token","API Without.token.data.json","Normal","✅ Passed","09 Jun 2026, 04:10:03 pm","09 Jun 2026, 04:10:03 pm","0.03 s","Chromium","without.token.data.json","2026-06-01","2026-06-01","Normal"
"API_UNAUTH_048","Unauth: Cannot GET /user-groups/some-id/users without token","Cannot GET /user-groups/some-id/users without token","API Without.token.data.json","Normal","✅ Passed","09 Jun 2026, 04:10:03 pm","09 Jun 2026, 04:10:03 pm","0.02 s","Chromium","without.token.data.json","2026-06-01","2026-06-01","Normal"
"API_UNAUTH_049","Unauth: Cannot GET /mfa/recovery-codes without token","Cannot GET /mfa/recovery-codes without token","API Without.token.data.json","Normal","❌ Failed","09 Jun 2026, 04:10:03 pm","09 Jun 2026, 04:10:03 pm","0.07 s","Chromium","without.token.data.json","2026-06-01","2026-06-01","Normal"
"API_UNAUTH_050","Unauth: Cannot PUT /users/settings without token","Cannot PUT /users/settings without token","API Without.token.data.json","Normal","✅ Passed","09 Jun 2026, 04:10:05 pm","09 Jun 2026, 04:10:05 pm","0.09 s","Chromium","without.token.data.json","2026-06-01","2026-06-01","Normal"
"API_UNAUTH_051","Unauth: Cannot GET /tenants/some-id/domains without token","Cannot GET /tenants/some-id/domains without token","API Without.token.data.json","Normal","✅ Passed","09 Jun 2026, 04:10:05 pm","09 Jun 2026, 04:10:05 pm","0.10 s","Chromium","without.token.data.json","2026-06-01","2026-06-01","Normal"
"API_UNAUTH_052","Unauth: Cannot POST /companies/some-id/logo without token","Cannot POST /companies/some-id/logo without token","API Without.token.data.json","Normal","✅ Passed","09 Jun 2026, 04:10:04 pm","09 Jun 2026, 04:10:04 pm","0.05 s","Chromium","without.token.data.json","2026-06-01","2026-06-01","Normal"
"API_UNAUTH_053","Unauth: Cannot GET /dashboard/stats without token","Cannot GET /dashboard/stats without token","API Without.token.data.json","Normal","✅ Passed","09 Jun 2026, 04:10:04 pm","09 Jun 2026, 04:10:04 pm","0.05 s","Chromium","without.token.data.json","2026-06-01","2026-06-01","Normal"
"API_UNAUTH_054","Unauth: Cannot GET /dashboard/trends without token","Cannot GET /dashboard/trends without token","API Without.token.data.json","Normal","✅ Passed","09 Jun 2026, 04:10:04 pm","09 Jun 2026, 04:10:04 pm","0.03 s","Chromium","without.token.data.json","2026-06-01","2026-06-01","Normal"
"API_UNAUTH_055","Unauth: Cannot GET /tenants/some-id/api-keys without token","Cannot GET /tenants/some-id/api-keys without token","API Without.token.data.json","Normal","✅ Passed","09 Jun 2026, 04:10:07 pm","09 Jun 2026, 04:10:08 pm","0.14 s","Chromium","without.token.data.json","2026-06-01","2026-06-01","Normal"
"API_UNAUTH_056","Unauth: Cannot POST /users/some-id/mfa/reset without token","Cannot POST /users/some-id/mfa/reset without token","API Without.token.data.json","Normal","✅ Passed","09 Jun 2026, 04:10:04 pm","09 Jun 2026, 04:10:04 pm","0.03 s","Chromium","without.token.data.json","2026-06-01","2026-06-01","Normal"
"API_UNAUTH_057","Unauth: Cannot POST /batches/some-id/retry without token","Cannot POST /batches/some-id/retry without token","API Without.token.data.json","Normal","✅ Passed","09 Jun 2026, 04:10:04 pm","09 Jun 2026, 04:10:05 pm","0.05 s","Chromium","without.token.data.json","2026-06-01","2026-06-01","Normal"
"API_UNAUTH_058","Unauth: Cannot GET /system/metrics without token","Cannot GET /system/metrics without token","API Without.token.data.json","Normal","✅ Passed","09 Jun 2026, 04:10:05 pm","09 Jun 2026, 04:10:05 pm","0.03 s","Chromium","without.token.data.json","2026-06-01","2026-06-01","Normal"
"API_UNAUTH_059","Unauth: Cannot GET /system/logs without token","Cannot GET /system/logs without token","API Without.token.data.json","Normal","✅ Passed","09 Jun 2026, 04:10:05 pm","09 Jun 2026, 04:10:05 pm","0.03 s","Chromium","without.token.data.json","2026-06-01","2026-06-01","Normal"
"API_UNAUTH_060","Unauth: Cannot GET /notifications/templates without token","Cannot GET /notifications/templates without token","API Without.token.data.json","Normal","✅ Passed","09 Jun 2026, 04:10:05 pm","09 Jun 2026, 04:10:05 pm","0.05 s","Chromium","without.token.data.json","2026-06-01","2026-06-01","Normal"
"API_UNAUTH_061","Unauth: Cannot GET /codelists/cl-payment-terms without token","Cannot GET /codelists/cl-payment-terms without token","API Without.token.data.json","Normal","✅ Passed","09 Jun 2026, 04:10:05 pm","09 Jun 2026, 04:10:05 pm","0.03 s","Chromium","without.token.data.json","2026-06-01","2026-06-01","Normal"
"API_UNAUTH_062","Unauth: Cannot GET /companies/some-id/settings without token","Cannot GET /companies/some-id/settings without token","API Without.token.data.json","Normal","✅ Passed","09 Jun 2026, 04:10:05 pm","09 Jun 2026, 04:10:05 pm","0.03 s","Chromium","without.token.data.json","2026-06-01","2026-06-01","Normal"
"API_UNAUTH_063","Unauth: Cannot POST /sap/invoice without token","Cannot POST /sap/invoice without token","API Without.token.data.json","Normal","✅ Passed","09 Jun 2026, 04:10:05 pm","09 Jun 2026, 04:10:05 pm","0.02 s","Chromium","without.token.data.json","2026-06-01","2026-06-01","Normal"
"API_UNAUTH_064","Unauth: Cannot POST /sap/item without token","Cannot POST /sap/item without token","API Without.token.data.json","Normal","✅ Passed","09 Jun 2026, 04:10:05 pm","09 Jun 2026, 04:10:05 pm","0.02 s","Chromium","without.token.data.json","2026-06-01","2026-06-01","Normal"
"API_UNAUTH_065","Unauth: Cannot POST /sap/buyer without token","Cannot POST /sap/buyer without token","API Without.token.data.json","Normal","✅ Passed","09 Jun 2026, 04:10:05 pm","09 Jun 2026, 04:10:05 pm","0.02 s","Chromium","without.token.data.json","2026-06-01","2026-06-01","Normal"
"API_UNAUTH_066","Unauth: Cannot POST /sap/seller without token","Cannot POST /sap/seller without token","API Without.token.data.json","Normal","✅ Passed","09 Jun 2026, 04:10:05 pm","09 Jun 2026, 04:10:05 pm","0.04 s","Chromium","without.token.data.json","2026-06-01","2026-06-01","Normal"
"API_UNAUTH_067","Unauth: Cannot POST /sap/payee without token","Cannot POST /sap/payee without token","API Without.token.data.json","Normal","✅ Passed","09 Jun 2026, 04:10:05 pm","09 Jun 2026, 04:10:05 pm","0.01 s","Chromium","without.token.data.json","2026-06-01","2026-06-01","Normal"
"API_UNAUTH_068","Unauth: Cannot POST /sap/delivery without token","Cannot POST /sap/delivery without token","API Without.token.data.json","Normal","✅ Passed","09 Jun 2026, 04:10:05 pm","09 Jun 2026, 04:10:05 pm","0.03 s","Chromium","without.token.data.json","2026-06-01","2026-06-01","Normal"
"API_UNAUTH_069","Unauth: Cannot GET /permissions without token","Cannot GET /permissions without token","API Without.token.data.json","Normal","✅ Passed","09 Jun 2026, 04:10:05 pm","09 Jun 2026, 04:10:05 pm","0.02 s","Chromium","without.token.data.json","2026-06-01","2026-06-01","Normal"
"API_UNAUTH_070","Unauth: Cannot POST /audit-logs/export without token","Cannot POST /audit-logs/export without token","API Without.token.data.json","Normal","✅ Passed","09 Jun 2026, 04:10:05 pm","09 Jun 2026, 04:10:05 pm","0.03 s","Chromium","without.token.data.json","2026-06-01","2026-06-01","Normal"
"API_UNAUTH_071","Unauth: Cannot GET /integration/webhooks without token","Cannot GET /integration/webhooks without token","API Without.token.data.json","Normal","✅ Passed","09 Jun 2026, 04:10:05 pm","09 Jun 2026, 04:10:05 pm","0.04 s","Chromium","without.token.data.json","2026-06-01","2026-06-01","Normal"
"API_UNAUTH_072","Unauth: Cannot GET /system/config without token","Cannot GET /system/config without token","API Without.token.data.json","Normal","✅ Passed","09 Jun 2026, 04:10:05 pm","09 Jun 2026, 04:10:05 pm","0.03 s","Chromium","without.token.data.json","2026-06-01","2026-06-01","Normal"
"API_UNAUTH_073","Unauth: Cannot GET /tenants/some-id/features without token","Cannot GET /tenants/some-id/features without token","API Without.token.data.json","Normal","✅ Passed","09 Jun 2026, 04:10:05 pm","09 Jun 2026, 04:10:05 pm","0.02 s","Chromium","without.token.data.json","2026-06-01","2026-06-01","Normal"
"API_UNAUTH_074","Unauth: Cannot GET /custom-fields without token","Cannot GET /custom-fields without token","API Without.token.data.json","Normal","✅ Passed","09 Jun 2026, 04:10:05 pm","09 Jun 2026, 04:10:05 pm","0.02 s","Chromium","without.token.data.json","2026-06-01","2026-06-01","Normal"
"API_UNAUTH_075","Unauth: Cannot GET /roles without token","Cannot GET /roles without token","API Without.token.data.json","Normal","✅ Passed","09 Jun 2026, 04:10:05 pm","09 Jun 2026, 04:10:05 pm","0.03 s","Chromium","without.token.data.json","2026-06-01","2026-06-01","Normal"
"API_UNAUTH_076","Unauth: Cannot GET /codelists/cl-invoice-status without token","Cannot GET /codelists/cl-invoice-status without token","API Without.token.data.json","Normal","✅ Passed","09 Jun 2026, 04:10:05 pm","09 Jun 2026, 04:10:05 pm","0.02 s","Chromium","without.token.data.json","2026-06-01","2026-06-01","Normal"
"API_UNAUTH_077","Unauth: Cannot GET /system/health/details without token","Cannot GET /system/health/details without token","API Without.token.data.json","Normal","✅ Passed","09 Jun 2026, 04:10:05 pm","09 Jun 2026, 04:10:05 pm","0.03 s","Chromium","without.token.data.json","2026-06-01","2026-06-01","Normal"
"API_UNAUTH_078","Unauth: Cannot POST /audit-logs/search without token","Cannot POST /audit-logs/search without token","API Without.token.data.json","Normal","✅ Passed","09 Jun 2026, 04:10:05 pm","09 Jun 2026, 04:10:05 pm","0.03 s","Chromium","without.token.data.json","2026-06-01","2026-06-01","Normal"
"API_UNAUTH_079","Unauth: Cannot PUT /exchange-rates/some-id without token","Cannot PUT /exchange-rates/some-id without token","API Without.token.data.json","Normal","✅ Passed","09 Jun 2026, 04:10:05 pm","09 Jun 2026, 04:10:05 pm","0.04 s","Chromium","without.token.data.json","2026-06-01","2026-06-01","Normal"
"API_UNAUTH_080","Unauth: Cannot GET /users/me/mfa/devices without token","Cannot GET /users/me/mfa/devices without token","API Without.token.data.json","Normal","✅ Passed","09 Jun 2026, 04:10:05 pm","09 Jun 2026, 04:10:05 pm","0.02 s","Chromium","without.token.data.json","2026-06-01","2026-06-01","Normal"
"API_UNAUTH_081","Unauth: Cannot GET /invoices/export without token","Cannot GET /invoices/export without token","API Without.token.data.json","Normal","✅ Passed","09 Jun 2026, 04:10:05 pm","09 Jun 2026, 04:10:05 pm","0.03 s","Chromium","without.token.data.json","2026-06-01","2026-06-01","Normal"
"API_UNAUTH_082","Unauth: Cannot GET /batches/some-id/details without token","Cannot GET /batches/some-id/details without token","API Without.token.data.json","Normal","✅ Passed","09 Jun 2026, 04:10:05 pm","09 Jun 2026, 04:10:05 pm","0.02 s","Chromium","without.token.data.json","2026-06-01","2026-06-01","Normal"
"API_UNAUTH_083","Unauth: Cannot POST /integration/corner3/cancel without token","Cannot POST /integration/corner3/cancel without token","API Without.token.data.json","Normal","✅ Passed","09 Jun 2026, 04:10:05 pm","09 Jun 2026, 04:10:05 pm","0.02 s","Chromium","without.token.data.json","2026-06-01","2026-06-01","Normal"
"API_UNAUTH_084","Unauth: Cannot DELETE /tenants/some-id/domains/some-id without token","Cannot DELETE /tenants/some-id/domains/some-id without token","API Without.token.data.json","Normal","✅ Passed","09 Jun 2026, 04:10:05 pm","09 Jun 2026, 04:10:05 pm","0.03 s","Chromium","without.token.data.json","2026-06-01","2026-06-01","Normal"
"API_UNAUTH_085","Unauth: Cannot PUT /custom-fields/some-id without token","Cannot PUT /custom-fields/some-id without token","API Without.token.data.json","Normal","✅ Passed","09 Jun 2026, 04:10:05 pm","09 Jun 2026, 04:10:05 pm","0.03 s","Chromium","without.token.data.json","2026-06-01","2026-06-01","Normal"
"API_UNAUTH_086","Unauth: Cannot GET /companies/some-id/branding without token","Cannot GET /companies/some-id/branding without token","API Without.token.data.json","Normal","✅ Passed","09 Jun 2026, 04:10:05 pm","09 Jun 2026, 04:10:05 pm","0.04 s","Chromium","without.token.data.json","2026-06-01","2026-06-01","Normal"
"API_UNAUTH_087","Unauth: Cannot GET /system/config/keys without token","Cannot GET /system/config/keys without token","API Without.token.data.json","Normal","✅ Passed","09 Jun 2026, 04:10:05 pm","09 Jun 2026, 04:10:05 pm","0.04 s","Chromium","without.token.data.json","2026-06-01","2026-06-01","Normal"
"API_USR_PERM_ME_001","Smoke: View own user permissions","View own user permissions","API Api.data.json","Normal","❌ Failed","09 Jun 2026, 04:08:02 pm","09 Jun 2026, 04:08:03 pm","0.89 s","Chromium","api.data.json","2026-06-01","2026-06-01","Normal"
"AUDIT_SEARCH_002","Platform: Filter audit logs by specific user","Filter audit logs by specific user","API Advanced.data.json","Normal","❌ Failed","09 Jun 2026, 04:07:51 pm","09 Jun 2026, 04:07:51 pm","0.49 s","Chromium","advanced.data.json","2026-06-01","2026-06-01","Normal"
"BATCH_LOGS_001","Platform: Super Admin can view batch processing logs","Super Admin can view batch processing logs","API Advanced.data.json","Normal","❌ Failed","09 Jun 2026, 04:07:50 pm","09 Jun 2026, 04:07:51 pm","0.57 s","Chromium","advanced.data.json","2026-06-01","2026-06-01","Normal"
"BATCH_LOGS_001","Batch: Get API Logs Summary","Super Admin can view batch processing logs","API Advanced.data.json","Normal","❌ Failed","09 Jun 2026, 04:08:37 pm","09 Jun 2026, 04:08:38 pm","0.16 s","Chromium","advanced.data.json","2026-06-01","2026-06-01","Normal"
"BATCH_RETRY_001","Platform: Super Admin can retry a FAILED batch","Super Admin can retry a FAILED batch","API Advanced.data.json","Normal","❌ Failed","09 Jun 2026, 04:07:51 pm","09 Jun 2026, 04:07:51 pm","0.49 s","Chromium","advanced.data.json","2026-06-01","2026-06-01","Normal"
"BIZ_DATE_001","Business: Invoice with issue date > 1 year in past should fail (Custom Rule)","Invoice with issue date > 1 year in past should fail (Custom Rule)","API Advanced.data.json","Normal","✅ Passed","09 Jun 2026, 04:07:51 pm","09 Jun 2026, 04:07:52 pm","0.66 s","Chromium","advanced.data.json","2026-06-01","2026-06-01","Normal"
"BIZ_TRN_001","Business: Duplicate TRN for same Country (AE) should fail","Duplicate TRN for same Country (AE) should fail","API Advanced.data.json","Normal","✅ Passed","09 Jun 2026, 04:07:51 pm","09 Jun 2026, 04:07:51 pm","0.50 s","Chromium","advanced.data.json","2026-06-01","2026-06-01","Normal"
"BUYER_001","Create Buyer - Success","Create Buyer - Success","API Controllers.data.json","Normal","❌ Failed","09 Jun 2026, 04:08:13 pm","09 Jun 2026, 04:08:14 pm","1.21 s","Chromium","controllers.data.json","2026-06-01","2026-06-01","Normal"
"BUYER_002","Create Buyer - Unauthenticated","Create Buyer - Unauthenticated","API Controllers.data.json","Normal","✅ Passed","09 Jun 2026, 04:08:11 pm","09 Jun 2026, 04:08:11 pm","0.04 s","Chromium","controllers.data.json","2026-06-01","2026-06-01","Normal"
"BUYER_003","Create Buyer - Missing Required Field","Create Buyer - Missing Required Field","API Controllers.data.json","Normal","❌ Failed","09 Jun 2026, 04:08:11 pm","09 Jun 2026, 04:08:12 pm","0.64 s","Chromium","controllers.data.json","2026-06-01","2026-06-01","Normal"
"BUYER_004","Search Buyers - Success","Search Buyers - Success","API Controllers.data.json","Normal","✅ Passed","09 Jun 2026, 04:08:13 pm","09 Jun 2026, 04:08:14 pm","0.79 s","Chromium","controllers.data.json","2026-06-01","2026-06-01","Normal"
"BUYER_005","List Buyers - Success","List Buyers - Success","API Controllers.data.json","Normal","✅ Passed","09 Jun 2026, 04:08:11 pm","09 Jun 2026, 04:08:13 pm","1.57 s","Chromium","controllers.data.json","2026-06-01","2026-06-01","Normal"
"BUYER_006","List Buyers - Without Body","List Buyers - Without Body","API Controllers.data.json","Normal","❌ Failed","09 Jun 2026, 04:08:11 pm","09 Jun 2026, 04:08:12 pm","0.63 s","Chromium","controllers.data.json","2026-06-01","2026-06-01","Normal"
"BUYER_007","Get Buyer By ID - Success","Get Buyer By ID - Success","API Controllers.data.json","Normal","❌ Failed","09 Jun 2026, 04:08:12 pm","09 Jun 2026, 04:08:12 pm","0.40 s","Chromium","controllers.data.json","2026-06-01","2026-06-01","Normal"
"BUYER_008","Get Buyer By ID - Not Found","Get Buyer By ID - Not Found","API Controllers.data.json","Normal","✅ Passed","09 Jun 2026, 04:08:13 pm","09 Jun 2026, 04:08:14 pm","0.83 s","Chromium","controllers.data.json","2026-06-01","2026-06-01","Normal"
"BUYER_009","Update Buyer - Success","Update Buyer - Success","API Controllers.data.json","Normal","❌ Failed","09 Jun 2026, 04:08:14 pm","09 Jun 2026, 04:08:15 pm","0.79 s","Chromium","controllers.data.json","2026-06-01","2026-06-01","Normal"
"BUYER_010","Delete Buyer - Success","Delete Buyer - Success","API Controllers.data.json","Normal","❌ Failed","09 Jun 2026, 04:08:14 pm","09 Jun 2026, 04:08:15 pm","0.75 s","Chromium","controllers.data.json","2026-06-01","2026-06-01","Normal"
"BUYER_011","Change Buyer Status - Success","Change Buyer Status - Success","API Controllers.data.json","Normal","❌ Failed","09 Jun 2026, 04:08:15 pm","09 Jun 2026, 04:08:16 pm","1.07 s","Chromium","controllers.data.json","2026-06-01","2026-06-01","Normal"
"BUYER_012","Change Buyer Status - Invalid Status","Change Buyer Status - Invalid Status","API Controllers.data.json","Normal","❌ Failed","09 Jun 2026, 04:08:13 pm","09 Jun 2026, 04:08:13 pm","0.41 s","Chromium","controllers.data.json","2026-06-01","2026-06-01","Normal"
"BUYER_013","List Buyers By Company ID - Success","List Buyers By Company ID - Success","API Controllers.data.json","Normal","✅ Passed","09 Jun 2026, 04:08:15 pm","09 Jun 2026, 04:08:16 pm","0.92 s","Chromium","controllers.data.json","2026-06-01","2026-06-01","Normal"
"CC-SPEC-001","Verify Code field accepts valid ISO code format","","","","✅ Passed","09 Jun 2026, 04:20:48 pm","09 Jun 2026, 04:21:05 pm","17.21 s","Chromium","","—","—","Normal"
"CC-SPEC-002","Verify Name field accepts valid ISO country name format","","","","✅ Passed","09 Jun 2026, 04:20:48 pm","09 Jun 2026, 04:21:06 pm","17.95 s","Chromium","","—","—","Normal"
"CC-SPEC-003","Verify invalid ISO code format is rejected","","","","✅ Passed","09 Jun 2026, 04:20:54 pm","09 Jun 2026, 04:21:12 pm","18.45 s","Chromium","","—","—","Normal"
"CC-SPEC-004","Verify valid ISO code with wrong country name is rejected","","","","✅ Passed","09 Jun 2026, 04:20:55 pm","09 Jun 2026, 04:21:14 pm","18.84 s","Chromium","","—","—","Normal"
"CC-SPEC-005","Verify invalid code-name mapping is rejected","","","","✅ Passed","09 Jun 2026, 04:21:05 pm","09 Jun 2026, 04:21:25 pm","19.21 s","Chromium","","—","—","Normal"
"CL_ACTIVE_GEN_001","List Active Allowance Codes","List Active Allowance Codes","API Codelists.data.json","Normal","❌ Failed","09 Jun 2026, 04:08:08 pm","09 Jun 2026, 04:08:08 pm","0.07 s","Chromium","codelists.data.json","2026-06-01","2026-06-01","Normal"
"CL_CREATE_EXT_001","Create Billing Frequency (SuperUser)","Create Billing Frequency (SuperUser)","API Codelists.data.json","Normal","❌ Failed","09 Jun 2026, 04:08:08 pm","09 Jun 2026, 04:08:09 pm","0.77 s","Chromium","codelists.data.json","2026-06-01","2026-06-01","Normal"
"CL_CREATE_FULL_001","Create Codelist with Full Fields (SuperUser)","Create Codelist with Full Fields (SuperUser)","API Codelists.data.json","Normal","❌ Failed","09 Jun 2026, 04:08:07 pm","09 Jun 2026, 04:08:07 pm","0.44 s","Chromium","codelists.data.json","2026-06-01","2026-06-01","Normal"
"CL_CREATE_NEG_DUP_001","Create Codelist - Duplicate Code (400)","Create Codelist - Duplicate Code (400)","API Codelists.data.json","Normal","✅ Passed","09 Jun 2026, 04:08:07 pm","09 Jun 2026, 04:08:08 pm","0.45 s","Chromium","codelists.data.json","2026-06-01","2026-06-01","Normal"
"CL_CREATE_NEG_VALID_001","Create Codelist - Code too long (400)","Create Codelist - Code too long (400)","API Codelists.data.json","Normal","✅ Passed","09 Jun 2026, 04:08:11 pm","09 Jun 2026, 04:08:11 pm","0.40 s","Chromium","codelists.data.json","2026-06-01","2026-06-01","Normal"
"CL_GET_CODE_GEN_002","Get Item Type ID Code (GTIN)","Get Item Type ID Code (GTIN)","API Codelists.data.json","Normal","❌ Failed","09 Jun 2026, 04:08:10 pm","09 Jun 2026, 04:08:10 pm","0.12 s","Chromium","codelists.data.json","2026-06-01","2026-06-01","Normal"
"CL_LIST_GEN_001","List all Allowance Codes","List all Allowance Codes","API Codelists.data.json","Normal","✅ Passed","09 Jun 2026, 04:08:07 pm","09 Jun 2026, 04:08:08 pm","0.87 s","Chromium","codelists.data.json","2026-06-01","2026-06-01","Normal"
"CL_LIST_GEN_002","List all Billing Frequencies","List all Billing Frequencies","API Codelists.data.json","Normal","✅ Passed","09 Jun 2026, 04:08:05 pm","09 Jun 2026, 04:08:06 pm","0.71 s","Chromium","codelists.data.json","2026-06-01","2026-06-01","Normal"
"CL_LIST_GEN_003","List all Charge Reasons","List all Charge Reasons","API Codelists.data.json","Normal","✅ Passed","09 Jun 2026, 04:08:07 pm","09 Jun 2026, 04:08:08 pm","0.88 s","Chromium","codelists.data.json","2026-06-01","2026-06-01","Normal"
"CL_LIST_GEN_004","List all Invoice Type Codes","List all Invoice Type Codes","API Codelists.data.json","Normal","✅ Passed","09 Jun 2026, 04:08:05 pm","09 Jun 2026, 04:08:06 pm","0.83 s","Chromium","codelists.data.json","2026-06-01","2026-06-01","Normal"
"CL_LIST_GEN_005","List all Credit Note Type Codes","List all Credit Note Type Codes","API Codelists.data.json","Normal","✅ Passed","09 Jun 2026, 04:08:05 pm","09 Jun 2026, 04:08:06 pm","0.75 s","Chromium","codelists.data.json","2026-06-01","2026-06-01","Normal"
"CL_LIST_GEN_006","List all Electronic Address Schemes","List all Electronic Address Schemes","API Codelists.data.json","Normal","✅ Passed","09 Jun 2026, 04:08:06 pm","09 Jun 2026, 04:08:06 pm","0.44 s","Chromium","codelists.data.json","2026-06-01","2026-06-01","Normal"
"CL_LIST_GEN_007","List all Goods Types","List all Goods Types","API Codelists.data.json","Normal","✅ Passed","09 Jun 2026, 04:08:06 pm","09 Jun 2026, 04:08:06 pm","0.42 s","Chromium","codelists.data.json","2026-06-01","2026-06-01","Normal"
"CL_LIST_GEN_008","List all ICD Codes","List all ICD Codes","API Codelists.data.json","Normal","✅ Passed","09 Jun 2026, 04:08:06 pm","09 Jun 2026, 04:08:07 pm","0.52 s","Chromium","codelists.data.json","2026-06-01","2026-06-01","Normal"
"CL_LIST_GEN_009","List all Item Type ID Codes","List all Item Type ID Codes","API Codelists.data.json","Normal","✅ Passed","09 Jun 2026, 04:08:06 pm","09 Jun 2026, 04:08:07 pm","0.41 s","Chromium","codelists.data.json","2026-06-01","2026-06-01","Normal"
"CL_LIST_GEN_010","List all MIME Types","List all MIME Types","API Codelists.data.json","Normal","✅ Passed","09 Jun 2026, 04:08:08 pm","09 Jun 2026, 04:08:09 pm","1.16 s","Chromium","codelists.data.json","2026-06-01","2026-06-01","Normal"
"CL_LIST_GEN_011","List all Object ID Schemes","List all Object ID Schemes","API Codelists.data.json","Normal","✅ Passed","09 Jun 2026, 04:08:07 pm","09 Jun 2026, 04:08:07 pm","0.47 s","Chromium","codelists.data.json","2026-06-01","2026-06-01","Normal"
"CL_LIST_GEN_012","List all Units of Measure","List all Units of Measure","API Codelists.data.json","Normal","✅ Passed","09 Jun 2026, 04:08:07 pm","09 Jun 2026, 04:08:07 pm","0.41 s","Chromium","codelists.data.json","2026-06-01","2026-06-01","Normal"
"CL_LIST_GEN_013","List all Payment Means","List all Payment Means","API Codelists.data.json","Normal","✅ Passed","09 Jun 2026, 04:08:10 pm","09 Jun 2026, 04:08:11 pm","0.78 s","Chromium","codelists.data.json","2026-06-01","2026-06-01","Normal"
"CL_LIST_GEN_014","List all Tax Exemption Reasons","List all Tax Exemption Reasons","API Codelists.data.json","Normal","✅ Passed","09 Jun 2026, 04:08:11 pm","09 Jun 2026, 04:08:11 pm","0.78 s","Chromium","codelists.data.json","2026-06-01","2026-06-01","Normal"
"CL_NOT_FOUND_001","Get Non-existent Code Value (404)","Get Non-existent Code Value (404)","API Codelists.data.json","Normal","✅ Passed","09 Jun 2026, 04:08:10 pm","09 Jun 2026, 04:08:10 pm","0.83 s","Chromium","codelists.data.json","2026-06-01","2026-06-01","Normal"
"CL_PAGINATION_001","Verify Pagination (Page 1, Size 5)","Verify Pagination (Page 1, Size 5)","API Codelists.data.json","Normal","✅ Passed","09 Jun 2026, 04:08:07 pm","09 Jun 2026, 04:08:07 pm","0.75 s","Chromium","codelists.data.json","2026-06-01","2026-06-01","Normal"
"CL_RBAC_NEG_001","Update Codelist - Unauthorized (Invoice Creator)","Update Codelist - Unauthorized (Invoice Creator)","API Codelists.data.json","Normal","✅ Passed","09 Jun 2026, 04:08:07 pm","09 Jun 2026, 04:08:08 pm","0.27 s","Chromium","codelists.data.json","2026-06-01","2026-06-01","Normal"
"CL_RBAC_NEG_002","Hard Delete - Unauthorized (Tenant Admin)","Hard Delete - Unauthorized (Tenant Admin)","API Codelists.data.json","Normal","❌ Failed","09 Jun 2026, 04:08:07 pm","09 Jun 2026, 04:08:08 pm","0.60 s","Chromium","codelists.data.json","2026-06-01","2026-06-01","Normal"
"CL_SEARCH_GEN_001","Search VAT Categories (Standard)","Search VAT Categories (Standard)","API Codelists.data.json","Normal","✅ Passed","09 Jun 2026, 04:08:07 pm","09 Jun 2026, 04:08:07 pm","0.39 s","Chromium","codelists.data.json","2026-06-01","2026-06-01","Normal"
"CL_SEARCH_GEN_002","Search Currencies (Euro)","Search Currencies (Euro)","API Codelists.data.json","Normal","✅ Passed","09 Jun 2026, 04:08:10 pm","09 Jun 2026, 04:08:11 pm","0.83 s","Chromium","codelists.data.json","2026-06-01","2026-06-01","Normal"
"CL_SEARCH_GEN_003","Search Units of Measure (Meter)","Search Units of Measure (Meter)","API Codelists.data.json","Normal","❌ Failed","09 Jun 2026, 04:08:10 pm","09 Jun 2026, 04:08:11 pm","0.90 s","Chromium","codelists.data.json","2026-06-01","2026-06-01","Normal"
"CL_UPDATE_PATCH_001","Partial Update Codelist (Tenant Admin)","Partial Update Codelist (Tenant Admin)","API Codelists.data.json","Normal","❌ Failed","09 Jun 2026, 04:08:07 pm","09 Jun 2026, 04:08:08 pm","0.46 s","Chromium","codelists.data.json","2026-06-01","2026-06-01","Normal"
"CL_UPDATE_STATUS_GEN_001","Deactivate Goods Type (Tenant Admin)","Deactivate Goods Type (Tenant Admin)","API Codelists.data.json","Normal","❌ Failed","09 Jun 2026, 04:08:08 pm","09 Jun 2026, 04:08:09 pm","0.91 s","Chromium","codelists.data.json","2026-06-01","2026-06-01","Normal"
"CL_VALID_NEG_001","Invalid UUID Format (400)","Invalid UUID Format (400)","API Codelists.data.json","Normal","❌ Failed","09 Jun 2026, 04:08:08 pm","09 Jun 2026, 04:08:08 pm","0.50 s","Chromium","codelists.data.json","2026-06-01","2026-06-01","Normal"
"COM-CL-001","Verify page loads successfully","","","","✅ Passed","09 Jun 2026, 04:19:35 pm","09 Jun 2026, 04:19:52 pm","16.54 s","Chromium","","—","—","Normal"
"COM-CL-002","Verify table is displayed successfully","","","","✅ Passed","09 Jun 2026, 04:19:37 pm","09 Jun 2026, 04:19:51 pm","14.90 s","Chromium","","—","—","Normal"
"COM-CL-003","Verify Add New button is visible","","","","✅ Passed","09 Jun 2026, 04:19:37 pm","09 Jun 2026, 04:19:53 pm","15.97 s","Chromium","","—","—","Normal"
"COM-CL-004","Verify Add New popup opens","","","","✅ Passed","09 Jun 2026, 04:19:40 pm","09 Jun 2026, 04:19:57 pm","17.59 s","Chromium","","—","—","Normal"
"COM-CL-005","Verify partial search function","","","","✅ Passed","09 Jun 2026, 04:19:42 pm","09 Jun 2026, 04:19:58 pm","16.47 s","Chromium","","—","—","Normal"
"COM-CL-006","Verify search clears successfully","","","","✅ Passed","09 Jun 2026, 04:19:52 pm","09 Jun 2026, 04:20:09 pm","17.11 s","Chromium","","—","—","Normal"
"COM-CL-007","Verify sorting by clicking column headers","","","","✅ Passed","09 Jun 2026, 04:19:52 pm","09 Jun 2026, 04:20:09 pm","17.45 s","Chromium","","—","—","Normal"
"COM-CL-008","Verify pagination controls are functional","","","","✅ Passed","09 Jun 2026, 04:19:53 pm","09 Jun 2026, 04:20:09 pm","15.66 s","Chromium","","—","—","Normal"
"COM-CL-009","Verify status toggle switch is visible","","","","✅ Passed","09 Jun 2026, 04:19:57 pm","09 Jun 2026, 04:20:16 pm","18.64 s","Chromium","","—","—","Normal"
"COM-CL-010","Verify Excel and JSON export options exist","","","","✅ Passed","09 Jun 2026, 04:19:58 pm","09 Jun 2026, 04:20:14 pm","15.88 s","Chromium","","—","—","Normal"
"COM-CL-011","Verify SQL injection input in search does not crash the UI","","","","✅ Passed","09 Jun 2026, 04:20:09 pm","09 Jun 2026, 04:20:29 pm","20.25 s","Chromium","","—","—","Normal"
"COM-CL-012","Verify script injection payload in Name does not crash the UI","","","","✅ Passed","09 Jun 2026, 04:20:09 pm","09 Jun 2026, 04:20:28 pm","19.70 s","Chromium","","—","—","Normal"
"COM-CL-013","Verify edit icon opens edit form","","","","✅ Passed","09 Jun 2026, 04:20:09 pm","09 Jun 2026, 04:20:29 pm","19.38 s","Chromium","","—","—","Normal"
"COM-CL-014","Verify Code field is disabled in edit mode","","","","✅ Passed","09 Jun 2026, 04:20:14 pm","09 Jun 2026, 04:20:35 pm","20.87 s","Chromium","","—","—","Normal"
"COM-CL-015","Verify Name field is editable in edit mode","","","","✅ Passed","09 Jun 2026, 04:20:16 pm","09 Jun 2026, 04:20:36 pm","19.77 s","Chromium","","—","—","Normal"
"COM-CL-016","Verify Description is editable in edit mode","","","","✅ Passed","09 Jun 2026, 04:20:29 pm","09 Jun 2026, 04:20:48 pm","19.50 s","Chromium","","—","—","Normal"
"COM-CL-017","Verify save without Code triggers validation","","","","✅ Passed","09 Jun 2026, 04:20:29 pm","09 Jun 2026, 04:20:48 pm","19.52 s","Chromium","","—","—","Normal"
"COM-CL-018","Verify save without Name triggers validation","","","","✅ Passed","09 Jun 2026, 04:20:29 pm","09 Jun 2026, 04:20:47 pm","18.27 s","Chromium","","—","—","Normal"
"COM-CL-019","Verify blank spaces in Code triggers validation","","","","✅ Passed","09 Jun 2026, 04:20:35 pm","09 Jun 2026, 04:20:54 pm","18.43 s","Chromium","","—","—","Normal"
"COM-CL-020","Verify blank spaces in Name triggers validation","","","","✅ Passed","09 Jun 2026, 04:20:36 pm","09 Jun 2026, 04:20:55 pm","19.33 s","Chromium","","—","—","Normal"
"COM-CL-021","Verify positive creation with valid inputs","","","","✅ Passed","09 Jun 2026, 04:20:47 pm","09 Jun 2026, 04:21:06 pm","18.82 s","Chromium","","—","—","Normal"
"COMP_ADDR_001","Compliance: List Party Addresses","List Party Addresses","API Compliance.data.json","Normal","❌ Failed","09 Jun 2026, 04:08:11 pm","09 Jun 2026, 04:08:11 pm","0.33 s","Chromium","compliance.data.json","2026-06-01","2026-06-01","Normal"
"COMP_ADDR_002","Compliance: Create Party Registration Address","Create Party Registration Address","API Compliance.data.json","Normal","✅ Passed","09 Jun 2026, 04:08:11 pm","09 Jun 2026, 04:08:12 pm","0.96 s","Chromium","compliance.data.json","2026-06-01","2026-06-01","Normal"
"COMP_CONT_001","Compliance: Create Party Contact (Technical)","Create Party Contact (Technical)","API Compliance.data.json","Normal","❌ Failed","09 Jun 2026, 04:08:12 pm","09 Jun 2026, 04:08:13 pm","0.71 s","Chromium","compliance.data.json","2026-06-01","2026-06-01","Normal"
"COMP_TAX_RATE_001","Compliance: Create Tax Category Rate (Success)","Create Tax Category Rate (Success)","API Compliance.data.json","Normal","❌ Failed","09 Jun 2026, 04:08:11 pm","09 Jun 2026, 04:08:11 pm","0.49 s","Chromium","compliance.data.json","2026-06-01","2026-06-01","Normal"
"COMP_TAX_REP_001","Compliance: Create Seller Tax Representative (Success)","Create Seller Tax Representative (Success)","API Compliance.data.json","Normal","✅ Passed","09 Jun 2026, 04:08:09 pm","09 Jun 2026, 04:08:11 pm","1.05 s","Chromium","compliance.data.json","2026-06-01","2026-06-01","Normal"
"COMP_TAX_REP_002","Compliance: List Seller Tax Representatives","List Seller Tax Representatives","API Compliance.data.json","Normal","❌ Failed","09 Jun 2026, 04:08:12 pm","09 Jun 2026, 04:08:13 pm","0.77 s","Chromium","compliance.data.json","2026-06-01","2026-06-01","Normal"
"COMPANY_001","Create Company - Success with SUPER_USER","Create Company - Success with SUPER_USER","API Controllers.data.json","Normal","❌ Failed","09 Jun 2026, 04:08:19 pm","09 Jun 2026, 04:08:21 pm","1.56 s","Chromium","controllers.data.json","2026-06-01","2026-06-01","Normal"
"COMPANY_003","Create Company - Missing Company Code","Create Company - Missing Company Code","API Controllers.data.json","Normal","✅ Passed","09 Jun 2026, 04:08:19 pm","09 Jun 2026, 04:08:20 pm","1.03 s","Chromium","controllers.data.json","2026-06-01","2026-06-01","Normal"
"COMPANY_004","Create Company - Invalid TRN Format","Create Company - Invalid TRN Format","API Controllers.data.json","Normal","✅ Passed","09 Jun 2026, 04:08:18 pm","09 Jun 2026, 04:08:18 pm","0.49 s","Chromium","controllers.data.json","2026-06-01","2026-06-01","Normal"
"COMPANY_005","List Companies - Success","List Companies - Success","API Controllers.data.json","Normal","❌ Failed","09 Jun 2026, 04:08:18 pm","09 Jun 2026, 04:08:18 pm","0.28 s","Chromium","controllers.data.json","2026-06-01","2026-06-01","Normal"
"COMPANY_006","Search Companies - Success","Search Companies - Success","API Controllers.data.json","Normal","❌ Failed","09 Jun 2026, 04:08:18 pm","09 Jun 2026, 04:08:19 pm","0.38 s","Chromium","controllers.data.json","2026-06-01","2026-06-01","Normal"
"COMPANY_007","Get Company By ID - Success","Get Company By ID - Success","API Controllers.data.json","Normal","❌ Failed","09 Jun 2026, 04:08:20 pm","09 Jun 2026, 04:08:22 pm","1.37 s","Chromium","controllers.data.json","2026-06-01","2026-06-01","Normal"
"COMPANY_008","Get Company By Code - Success","Get Company By Code - Success","API Controllers.data.json","Normal","❌ Failed","09 Jun 2026, 04:08:19 pm","09 Jun 2026, 04:08:19 pm","0.58 s","Chromium","controllers.data.json","2026-06-01","2026-06-01","Normal"
"COMPANY_009","Update Company - Success","Update Company - Success","API Controllers.data.json","Normal","❌ Failed","09 Jun 2026, 04:08:21 pm","09 Jun 2026, 04:08:22 pm","1.02 s","Chromium","controllers.data.json","2026-06-01","2026-06-01","Normal"
"COMPANY_010","Delete Company - Success","Delete Company - Success","API Controllers.data.json","Normal","❌ Failed","09 Jun 2026, 04:08:21 pm","09 Jun 2026, 04:08:22 pm","0.83 s","Chromium","controllers.data.json","2026-06-01","2026-06-01","Normal"
"COMPANY_011","Change Company Status - Success","Change Company Status - Success","API Controllers.data.json","Normal","❌ Failed","09 Jun 2026, 04:08:21 pm","09 Jun 2026, 04:08:22 pm","1.29 s","Chromium","controllers.data.json","2026-06-01","2026-06-01","Normal"
"COMPANY_012","Map User to Company - Success","Map User to Company - Success","API Controllers.data.json","Normal","❌ Failed","09 Jun 2026, 04:08:21 pm","09 Jun 2026, 04:08:23 pm","1.46 s","Chromium","controllers.data.json","2026-06-01","2026-06-01","Normal"
"COMPANY_013","Unmap User from Company - Success","Unmap User from Company - Success","API Controllers.data.json","Normal","❌ Failed","09 Jun 2026, 04:08:20 pm","09 Jun 2026, 04:08:22 pm","1.40 s","Chromium","controllers.data.json","2026-06-01","2026-06-01","Normal"
"COMPANY_014","Get Company Users - Success","Get Company Users - Success","API Controllers.data.json","Normal","❌ Failed","09 Jun 2026, 04:08:23 pm","09 Jun 2026, 04:08:24 pm","1.19 s","Chromium","controllers.data.json","2026-06-01","2026-06-01","Normal"
"DASH_COMP_STATS_001","Dashboard: Get Company Stats (Company Admin)","Get Company Stats (Company Admin)","API Full_platform.data.json","Normal","✅ Passed","09 Jun 2026, 04:08:37 pm","09 Jun 2026, 04:08:37 pm","0.34 s","Chromium","full_platform.data.json","2026-06-01","2026-06-01","Normal"
"DASH_PLAT_ACT_001","Dashboard: Get Platform Activities (Super Admin)","Get Platform Activities (Super Admin)","API Full_platform.data.json","Normal","✅ Passed","09 Jun 2026, 04:08:36 pm","09 Jun 2026, 04:08:37 pm","0.52 s","Chromium","full_platform.data.json","2026-06-01","2026-06-01","Normal"
"DASH_PLAT_STATS_001","Dashboard: Get Platform Stats (Super Admin)","Get Platform Stats (Super Admin)","API Full_platform.data.json","Normal","✅ Passed","09 Jun 2026, 04:08:38 pm","09 Jun 2026, 04:08:39 pm","0.87 s","Chromium","full_platform.data.json","2026-06-01","2026-06-01","Normal"
"EDGE_001","Missing X-Company-Id Header","Missing X-Company-Id Header","API Controllers.data.json","Normal","❌ Failed","09 Jun 2026, 04:08:29 pm","09 Jun 2026, 04:08:30 pm","0.68 s","Chromium","controllers.data.json","2026-06-01","2026-06-01","Normal"
"EDGE_002","Invalid UUID Format in Path","Invalid UUID Format in Path","API Controllers.data.json","Normal","❌ Failed","09 Jun 2026, 04:08:30 pm","09 Jun 2026, 04:08:31 pm","0.77 s","Chromium","controllers.data.json","2026-06-01","2026-06-01","Normal"
"EDGE_003","Empty Request Body","Empty Request Body","API Controllers.data.json","Normal","✅ Passed","09 Jun 2026, 04:08:30 pm","09 Jun 2026, 04:08:31 pm","0.73 s","Chromium","controllers.data.json","2026-06-01","2026-06-01","Normal"
"EDGE_004","Invalid JSON Format","Invalid JSON Format","API Controllers.data.json","Normal","❌ Failed","09 Jun 2026, 04:08:30 pm","09 Jun 2026, 04:08:31 pm","0.77 s","Chromium","controllers.data.json","2026-06-01","2026-06-01","Normal"
"EDGE_005","Pagination Parameters - Page 1","Pagination Parameters - Page 1","API Controllers.data.json","Normal","✅ Passed","09 Jun 2026, 04:08:31 pm","09 Jun 2026, 04:08:32 pm","1.70 s","Chromium","controllers.data.json","2026-06-01","2026-06-01","Normal"
"EDGE_006","Large Page Size","Large Page Size","API Controllers.data.json","Normal","✅ Passed","09 Jun 2026, 04:08:31 pm","09 Jun 2026, 04:08:33 pm","1.54 s","Chromium","controllers.data.json","2026-06-01","2026-06-01","Normal"
"ENTITY_LIST_001","Entities: List all entities","List all entities","API Full_platform.data.json","Normal","❌ Failed","09 Jun 2026, 04:08:38 pm","09 Jun 2026, 04:08:38 pm","0.11 s","Chromium","full_platform.data.json","2026-06-01","2026-06-01","Normal"
"FP-001","Verify Forgot Password Link Visibility","Verify Forgot Password Link Visibility","Forgot-password","Critical","✅ Passed","09 Jun 2026, 04:17:16 pm","09 Jun 2026, 04:17:30 pm","13.46 s","Chromium","forgot-password, visibility, high, login","2026-06-01","2026-06-01","Normal"
"FP-002","Verify Forgot Password Navigation","Verify Forgot Password Navigation","Forgot-password","Critical","✅ Passed","09 Jun 2026, 04:17:19 pm","09 Jun 2026, 04:17:32 pm","12.57 s","Chromium","forgot-password, interaction, high, login","2026-06-01","2026-06-01","Normal"
"FP-003","Verify Reset Password With Valid Email","Verify Reset Password With Valid Email","Forgot-password","Critical","✅ Passed","09 Jun 2026, 04:17:30 pm","09 Jun 2026, 04:17:45 pm","14.95 s","Chromium","forgot-password, functionality, critical, login","2026-06-01","2026-06-01","Normal"
"FP-004","Verify Forgot Password With Invalid Email","Verify Forgot Password With Invalid Email","Forgot-password","Normal","✅ Passed","09 Jun 2026, 04:17:32 pm","09 Jun 2026, 04:17:47 pm","14.34 s","Chromium","forgot-password, validation, medium, login","2026-06-01","2026-06-01","Normal"
"FP-005","Verify Forgot Password With Unregistered Email","Verify Forgot Password With Unregistered Email","Forgot-password","Normal","✅ Passed","09 Jun 2026, 04:17:45 pm","09 Jun 2026, 04:18:00 pm","14.84 s","Chromium","forgot-password, validation, medium, login","2026-06-01","2026-06-01","Normal"
"FP-006","Verify Blank Forgot Password Submission","Verify Blank Forgot Password Submission","Forgot-password","Normal","✅ Passed","09 Jun 2026, 04:17:47 pm","09 Jun 2026, 04:18:01 pm","14.45 s","Chromium","forgot-password, validation, medium, login","2026-06-01","2026-06-01","Normal"
"FP-007","Verify Expired Reset Password Code","Verify Expired Reset Password Code","Forgot-password","Critical","⏭️ Skipped","09 Jun 2026, 04:18:00 pm","09 Jun 2026, 04:18:12 pm","11.88 s","Chromium","forgot-password, security, high, login","2026-06-01","2026-06-01","Normal"
"INT_SAP_001","Integration: SAP Upload with Invalid API Key","SAP Upload with Invalid API Key","API Advanced.data.json","Normal","✅ Passed","09 Jun 2026, 04:07:51 pm","09 Jun 2026, 04:07:51 pm","0.19 s","Chromium","advanced.data.json","2026-06-01","2026-06-01","Normal"
"INT_SAP_002","Integration: SAP Upload with Expired API Key","SAP Upload with Expired API Key","API Advanced.data.json","Normal","✅ Passed","09 Jun 2026, 04:07:51 pm","09 Jun 2026, 04:07:51 pm","0.15 s","Chromium","advanced.data.json","2026-06-01","2026-06-01","Normal"
"ISO_INV_001","Isolation: Company 2 Creator cannot view Company 1 Invoice","Company 2 Creator cannot view Company 1 Invoice","API Advanced.data.json","Normal","❌ Failed","09 Jun 2026, 04:07:51 pm","09 Jun 2026, 04:07:52 pm","0.98 s","Chromium","advanced.data.json","2026-06-01","2026-06-01","Normal"
"ISO_USER_001","Isolation: Company 1 Admin cannot view Company 2 Users","Company 1 Admin cannot view Company 2 Users","API Advanced.data.json","Normal","✅ Passed","09 Jun 2026, 04:07:51 pm","09 Jun 2026, 04:07:51 pm","0.78 s","Chromium","advanced.data.json","2026-06-01","2026-06-01","Normal"
"LOG-001","Verify Platform Admin Login","Verify Platform Admin Login","Functional","Normal","✅ Passed","09 Jun 2026, 04:18:01 pm","09 Jun 2026, 04:18:14 pm","12.35 s","Chromium","functional, functionality, login","2026-06-01","2026-06-01","Normal"
"LOG-002","Verify Tenant Admin Login","Verify Tenant Admin Login","Functional","Normal","❌ Failed","09 Jun 2026, 04:18:08 pm","09 Jun 2026, 04:18:22 pm","14.04 s","Chromium","functional, functionality, login","2026-06-01","2026-06-01","Normal"
"LOG-003","Verify Company Login","Verify Company Login","Functional","Normal","✅ Passed","09 Jun 2026, 04:18:08 pm","09 Jun 2026, 04:18:30 pm","21.45 s","Chromium","functional, functionality, login","2026-06-01","2026-06-01","Normal"
"LOG-004","Verify Login Page Visibility","Verify Login Page Visibility","Ui","Normal","✅ Passed","09 Jun 2026, 04:18:09 pm","09 Jun 2026, 04:18:21 pm","11.77 s","Chromium","ui, visibility, login","2026-06-01","2026-06-01","Normal"
"LOG-005","Verify Logo Visibility","Verify Logo Visibility","Ui","Normal","✅ Passed","09 Jun 2026, 04:18:12 pm","09 Jun 2026, 04:18:24 pm","11.69 s","Chromium","ui, visibility, login","2026-06-01","2026-06-01","Normal"
"LOG-006","Verify Forgot Password Link Visibility","Verify Forgot Password Link Visibility","Forgot-password","Normal","✅ Passed","09 Jun 2026, 04:18:14 pm","09 Jun 2026, 04:18:24 pm","10.79 s","Chromium","forgot-password, visibility, login","2026-06-01","2026-06-01","Normal"
"LOG-007","Verify Remember Me Checkbox","Verify Remember Me Checkbox","Functional","Normal","✅ Passed","09 Jun 2026, 04:18:21 pm","09 Jun 2026, 04:18:31 pm","9.99 s","Chromium","functional, interaction, login","2026-06-01","2026-06-01","Normal"
"LOG-008","Verify Password Masking","Verify Password Masking","Security","Normal","✅ Passed","09 Jun 2026, 04:18:29 pm","09 Jun 2026, 04:18:43 pm","14.10 s","Chromium","security, interaction, login","2026-06-01","2026-06-01","Normal"
"LOG-009","Verify Keyboard Login","Verify Keyboard Login","Accessibility","Normal","✅ Passed","09 Jun 2026, 04:18:24 pm","09 Jun 2026, 04:18:38 pm","14.75 s","Chromium","accessibility, interaction, login","2026-06-01","2026-06-01","Normal"
"LOG-010","Verify Case Insensitive Email Login","Verify Case Insensitive Email Login","Functional","Normal","✅ Passed","09 Jun 2026, 04:18:25 pm","09 Jun 2026, 04:18:39 pm","14.71 s","Chromium","functional, functionality, login","2026-06-01","2026-06-01","Normal"
"LOG-011","Verify Trailing Space Email Login","Verify Trailing Space Email Login","Functional","Normal","✅ Passed","09 Jun 2026, 04:18:30 pm","09 Jun 2026, 04:18:46 pm","15.64 s","Chromium","functional, functionality, login","2026-06-01","2026-06-01","Normal"
"LOG-012","Verify Blank Email Validation","Verify Blank Email Validation","Validation","Normal","✅ Passed","09 Jun 2026, 04:18:31 pm","09 Jun 2026, 04:18:46 pm","14.64 s","Chromium","validation, login","2026-06-01","2026-06-01","Normal"
"LOG-013","Verify Blank Password Validation","Verify Blank Password Validation","Validation","Normal","✅ Passed","09 Jun 2026, 04:18:39 pm","09 Jun 2026, 04:18:52 pm","13.88 s","Chromium","validation, login","2026-06-01","2026-06-01","Normal"
"LOG-014","Verify Blank Login Validation","Verify Blank Login Validation","Validation","Normal","✅ Passed","09 Jun 2026, 04:18:39 pm","09 Jun 2026, 04:18:51 pm","11.57 s","Chromium","validation, login","2026-06-01","2026-06-01","Normal"
"LOG-015","Verify Invalid Email Format","Verify Invalid Email Format","Validation","Normal","✅ Passed","09 Jun 2026, 04:18:43 pm","09 Jun 2026, 04:18:56 pm","13.33 s","Chromium","validation, login","2026-06-01","2026-06-01","Normal"
"LOG-016","Verify Invalid Credentials","Verify Invalid Credentials","Validation","Normal","✅ Passed","09 Jun 2026, 04:18:46 pm","09 Jun 2026, 04:18:59 pm","13.14 s","Chromium","validation, login","2026-06-01","2026-06-01","Normal"
"LOG-017","Verify Wrong Password","Verify Wrong Password","Validation","Normal","✅ Passed","09 Jun 2026, 04:18:46 pm","09 Jun 2026, 04:18:59 pm","13.46 s","Chromium","validation, login","2026-06-01","2026-06-01","Normal"
"LOG-018","Verify Short Password Validation","Verify Short Password Validation","Validation","Normal","✅ Passed","09 Jun 2026, 04:18:51 pm","09 Jun 2026, 04:19:03 pm","12.40 s","Chromium","validation, login","2026-06-01","2026-06-01","Normal"
"LOG-021","Verify SQL Injection Protection","Verify SQL Injection Protection","Security","Normal","✅ Passed","09 Jun 2026, 04:18:53 pm","09 Jun 2026, 04:19:07 pm","14.80 s","Chromium","security, login","2026-06-01","2026-06-01","Normal"
"LOG-022","Verify XSS Protection","Verify XSS Protection","Security","Normal","✅ Passed","09 Jun 2026, 04:18:56 pm","09 Jun 2026, 04:19:10 pm","13.99 s","Chromium","security, login","2026-06-01","2026-06-01","Normal"
"LOG-023","Verify Locked Account Handling","Verify Locked Account Handling","Security","Normal","✅ Passed","09 Jun 2026, 04:18:59 pm","09 Jun 2026, 04:19:13 pm","14.12 s","Chromium","security, login","2026-06-01","2026-06-01","Normal"
"LOG-024","Verify Session Timeout","Verify Session Timeout","Session","Normal","✅ Passed","09 Jun 2026, 04:19:00 pm","09 Jun 2026, 04:19:11 pm","11.86 s","Chromium","session, interaction, login","2026-06-01","2026-06-01","Normal"
"LOG-025","Verify Logout Flow","Verify Logout Flow","Session","Normal","✅ Passed","09 Jun 2026, 04:19:04 pm","09 Jun 2026, 04:19:14 pm","10.67 s","Chromium","session, interaction, login","2026-06-01","2026-06-01","Normal"
"LOG-026","Verify Redirect After Login","Verify Redirect After Login","Session","Normal","✅ Passed","09 Jun 2026, 04:19:07 pm","09 Jun 2026, 04:19:18 pm","10.93 s","Chromium","session, interaction, login","2026-06-01","2026-06-01","Normal"
"LOG-027","Verify Multi Session Handling","Verify Multi Session Handling","Session","Normal","✅ Passed","09 Jun 2026, 04:19:11 pm","09 Jun 2026, 04:19:21 pm","10.88 s","Chromium","session, interaction, login","2026-06-01","2026-06-01","Normal"
"LOG-028","Verify Forgot Password Navigation","Verify Forgot Password Navigation","Forgot-password","Normal","✅ Passed","09 Jun 2026, 04:19:11 pm","09 Jun 2026, 04:19:23 pm","11.81 s","Chromium","forgot-password, interaction, login","2026-06-01","2026-06-01","Normal"
"LOG-029","Verify Forgot Password With Valid Email","Verify Forgot Password With Valid Email","Forgot-password","Normal","✅ Passed","09 Jun 2026, 04:19:13 pm","09 Jun 2026, 04:19:24 pm","11.01 s","Chromium","forgot-password, functionality, login","2026-06-01","2026-06-01","Normal"
"LOG-030","Verify Forgot Password With Invalid Email","Verify Forgot Password With Invalid Email","Forgot-password","Normal","✅ Passed","09 Jun 2026, 04:19:14 pm","09 Jun 2026, 04:19:27 pm","12.36 s","Chromium","forgot-password, validation, login","2026-06-01","2026-06-01","Normal"
"LOG-033","Verify Login Page Responsiveness","Verify Login Page Responsiveness","Ui","Normal","✅ Passed","09 Jun 2026, 04:19:18 pm","09 Jun 2026, 04:19:29 pm","10.94 s","Chromium","ui, visibility, login","2026-06-01","2026-06-01","Normal"
"LOG-035","Verify Footer Links Visibility","Verify Footer Links Visibility","Ui","Normal","✅ Passed","09 Jun 2026, 04:19:22 pm","09 Jun 2026, 04:19:35 pm","13.44 s","Chromium","ui, visibility, login","2026-06-01","2026-06-01","Normal"
"LOG-036","Verify Custom Branding Logo","Verify Custom Branding Logo","Ui","Normal","✅ Passed","09 Jun 2026, 04:19:23 pm","09 Jun 2026, 04:19:36 pm","13.06 s","Chromium","ui, visibility, login","2026-06-01","2026-06-01","Normal"
"LOG-037","Verify Arabic RTL Support","Verify Arabic RTL Support","Ui","Normal","✅ Passed","09 Jun 2026, 04:19:24 pm","09 Jun 2026, 04:19:37 pm","12.26 s","Chromium","ui, visibility, login","2026-06-01","2026-06-01","Normal"
"LOG-047","Verify Password Copy Protection","Verify Password Copy Protection","Security","Normal","✅ Passed","09 Jun 2026, 04:19:27 pm","09 Jun 2026, 04:19:39 pm","12.59 s","Chromium","security, login","2026-06-01","2026-06-01","Normal"
"LOG-048","Verify HTTPS Login Page","Verify HTTPS Login Page","Security","Normal","✅ Passed","09 Jun 2026, 04:19:29 pm","09 Jun 2026, 04:19:42 pm","12.19 s","Chromium","security, login","2026-06-01","2026-06-01","Normal"
"NTC_002_VALIDATION","❌ Validation and Negative Rules","Company Code is required","UI Tenant - Company","Normal","✅ Passed","09 Jun 2026, 04:24:45 pm","09 Jun 2026, 04:25:08 pm","22.86 s","Chromium","validation, tenant","2026-06-01","2026-06-01","Normal"
"NTC_005_SECURITY","🛡️ Security and Input Handling Scenarios","SQL Injection search string","UI Tenant - Company-viewer","Normal","✅ Passed","09 Jun 2026, 04:24:58 pm","09 Jun 2026, 04:25:17 pm","19.68 s","Chromium","security, tenant","2026-06-01","2026-06-01","Normal"
"NTC_038_SECURITY","🛡️ Security Scenarios","SQL Injection attempt in search","UI Tenant - Company","Normal","✅ Passed","09 Jun 2026, 04:25:32 pm","09 Jun 2026, 04:25:50 pm","17.71 s","Chromium","security, tenant","2026-06-01","2026-06-01","Normal"
"NTC_040_UNAUTHORIZED","🚫 Unauthorized Access Checks","Attempt to create company via dev tools or API access bounds","UI Tenant - Company-viewer","Normal","⏭️ Skipped","09 Jun 2026, 04:25:38 pm","09 Jun 2026, 04:25:38 pm","0.00 s","Chromium","unauthorized, tenant","2026-06-01","2026-06-01","Normal"
"PAYEE_001","Create Payee - Success","Create Payee - Success","API Controllers.data.json","Normal","✅ Passed","09 Jun 2026, 04:08:17 pm","09 Jun 2026, 04:08:18 pm","1.42 s","Chromium","controllers.data.json","2026-06-01","2026-06-01","Normal"
"PAYEE_002","Search Payees - Success","Search Payees - Success","API Controllers.data.json","Normal","✅ Passed","09 Jun 2026, 04:08:17 pm","09 Jun 2026, 04:08:19 pm","1.11 s","Chromium","controllers.data.json","2026-06-01","2026-06-01","Normal"
"PAYEE_003","List Payees - Success","List Payees - Success","API Controllers.data.json","Normal","❌ Failed","09 Jun 2026, 04:08:16 pm","09 Jun 2026, 04:08:16 pm","0.31 s","Chromium","controllers.data.json","2026-06-01","2026-06-01","Normal"
"PAYEE_004","Get Payee By ID - Success","Get Payee By ID - Success","API Controllers.data.json","Normal","❌ Failed","09 Jun 2026, 04:08:18 pm","09 Jun 2026, 04:08:19 pm","0.82 s","Chromium","controllers.data.json","2026-06-01","2026-06-01","Normal"
"PAYEE_005","Update Payee - Success","Update Payee - Success","API Controllers.data.json","Normal","❌ Failed","09 Jun 2026, 04:08:18 pm","09 Jun 2026, 04:08:19 pm","0.82 s","Chromium","controllers.data.json","2026-06-01","2026-06-01","Normal"
"PAYEE_006","Delete Payee - Success","Delete Payee - Success","API Controllers.data.json","Normal","❌ Failed","09 Jun 2026, 04:08:17 pm","09 Jun 2026, 04:08:17 pm","0.42 s","Chromium","controllers.data.json","2026-06-01","2026-06-01","Normal"
"PAYEE_007","Change Payee Status - Success","Change Payee Status - Success","API Controllers.data.json","Normal","❌ Failed","09 Jun 2026, 04:08:19 pm","09 Jun 2026, 04:08:21 pm","1.82 s","Chromium","controllers.data.json","2026-06-01","2026-06-01","Normal"
"PAYMENT_INST_001","Create Payment Instructions - Success","Create Payment Instructions - Success","API Controllers.data.json","Normal","❌ Failed","09 Jun 2026, 04:08:28 pm","09 Jun 2026, 04:08:29 pm","0.95 s","Chromium","controllers.data.json","2026-06-01","2026-06-01","Normal"
"PAYMENT_INST_002","List Payment Instructions - Success","List Payment Instructions - Success","API Controllers.data.json","Normal","❌ Failed","09 Jun 2026, 04:08:26 pm","09 Jun 2026, 04:08:26 pm","0.81 s","Chromium","controllers.data.json","2026-06-01","2026-06-01","Normal"
"PAYMENT_INST_003","Search Payment Instructions - Success","Search Payment Instructions - Success","API Controllers.data.json","Normal","✅ Passed","09 Jun 2026, 04:08:26 pm","09 Jun 2026, 04:08:26 pm","0.78 s","Chromium","controllers.data.json","2026-06-01","2026-06-01","Normal"
"PAYMENT_INST_004","Get Payment Instructions By ID - Success","Get Payment Instructions By ID - Success","API Controllers.data.json","Normal","❌ Failed","09 Jun 2026, 04:08:29 pm","09 Jun 2026, 04:08:30 pm","0.97 s","Chromium","controllers.data.json","2026-06-01","2026-06-01","Normal"
"PAYMENT_INST_005","Update Payment Instructions - Success","Update Payment Instructions - Success","API Controllers.data.json","Normal","❌ Failed","09 Jun 2026, 04:08:27 pm","09 Jun 2026, 04:08:27 pm","0.58 s","Chromium","controllers.data.json","2026-06-01","2026-06-01","Normal"
"PAYMENT_INST_006","Delete Payment Instructions - Success","Delete Payment Instructions - Success","API Controllers.data.json","Normal","❌ Failed","09 Jun 2026, 04:08:27 pm","09 Jun 2026, 04:08:28 pm","0.99 s","Chromium","controllers.data.json","2026-06-01","2026-06-01","Normal"
"PAYMENT_INST_007","Change Payment Instructions Status - Success","Change Payment Instructions Status - Success","API Controllers.data.json","Normal","❌ Failed","09 Jun 2026, 04:08:29 pm","09 Jun 2026, 04:08:30 pm","0.93 s","Chromium","controllers.data.json","2026-06-01","2026-06-01","Normal"
"PTC_001_VISIBILITY","🏢 Page Visibility and Element Layouts","Verify Company Management screen visibility","UI Tenant - Company-viewer","Normal","✅ Passed","09 Jun 2026, 04:24:26 pm","09 Jun 2026, 04:24:45 pm","18.88 s","Chromium","visibility, tenant","2026-06-01","2026-06-01","Normal"
"PTC_001_VISIBILITY","🏢 Page Visibility and Element Layouts","Verify Company Management screen visibility","UI Tenant - Company-viewer","Normal","✅ Passed","09 Jun 2026, 04:24:25 pm","09 Jun 2026, 04:24:43 pm","18.50 s","Chromium","visibility, tenant","2026-06-01","2026-06-01","Normal"
"PTC_009_CREATE","🚀 Positive Creations","Minimal Valid Company Flow","UI Tenant - Company","Normal","✅ Passed","09 Jun 2026, 04:25:08 pm","09 Jun 2026, 04:25:23 pm","15.17 s","Chromium","create, tenant","2026-06-01","2026-06-01","Normal"
"PTC_013_SEARCH","🔍 Search and Filter Scenarios","Valid partial name 'Emirates'","UI Tenant - Company","Normal","✅ Passed","09 Jun 2026, 04:25:23 pm","09 Jun 2026, 04:25:32 pm","9.41 s","Chromium","search, tenant","2026-06-01","2026-06-01","Normal"
"PTC_018_SEARCH","🔍 Search and Filter Scenarios","Search by exact Company Name","UI Tenant - Company-viewer","Normal","✅ Passed","09 Jun 2026, 04:24:43 pm","09 Jun 2026, 04:24:58 pm","14.43 s","Chromium","search, tenant","2026-06-01","2026-06-01","Normal"
"PTC_030_INTERACTION","⚙️ Interactions and Dialog Actions","Refresh Page Action","UI Tenant - Company","Normal","✅ Passed","09 Jun 2026, 04:25:50 pm","09 Jun 2026, 04:25:59 pm","8.55 s","Chromium","interaction, tenant","2026-06-01","2026-06-01","Normal"
"PTC_043_INTERACTION","⚙️ Interactions, Pagination and Sorting","Verify page size changes","UI Tenant - Company-viewer","Normal","❌ Failed","09 Jun 2026, 04:25:17 pm","09 Jun 2026, 04:25:37 pm","19.55 s","Chromium","interaction, tenant","2026-06-01","2026-06-01","Normal"
"SELLER_001","Create Seller - Success","Create Seller - Success","API Controllers.data.json","Normal","✅ Passed","09 Jun 2026, 04:08:15 pm","09 Jun 2026, 04:08:17 pm","1.42 s","Chromium","controllers.data.json","2026-06-01","2026-06-01","Normal"
"SELLER_002","Create Seller - Unauthenticated","Create Seller - Unauthenticated","API Controllers.data.json","Normal","✅ Passed","09 Jun 2026, 04:08:14 pm","09 Jun 2026, 04:08:14 pm","0.05 s","Chromium","controllers.data.json","2026-06-01","2026-06-01","Normal"
"SELLER_003","Search Sellers - Success","Search Sellers - Success","API Controllers.data.json","Normal","✅ Passed","09 Jun 2026, 04:08:14 pm","09 Jun 2026, 04:08:14 pm","0.39 s","Chromium","controllers.data.json","2026-06-01","2026-06-01","Normal"
"SELLER_004","List Sellers - Success","List Sellers - Success","API Controllers.data.json","Normal","❌ Failed","09 Jun 2026, 04:08:16 pm","09 Jun 2026, 04:08:16 pm","0.66 s","Chromium","controllers.data.json","2026-06-01","2026-06-01","Normal"
"SELLER_005","List Sellers - Without Body","List Sellers - Without Body","API Controllers.data.json","Normal","❌ Failed","09 Jun 2026, 04:08:14 pm","09 Jun 2026, 04:08:14 pm","0.33 s","Chromium","controllers.data.json","2026-06-01","2026-06-01","Normal"
"SELLER_006","Get Seller By ID - Success","Get Seller By ID - Success","API Controllers.data.json","Normal","❌ Failed","09 Jun 2026, 04:08:14 pm","09 Jun 2026, 04:08:15 pm","0.43 s","Chromium","controllers.data.json","2026-06-01","2026-06-01","Normal"
"SELLER_007","Update Seller - Success","Update Seller - Success","API Controllers.data.json","Normal","❌ Failed","09 Jun 2026, 04:08:16 pm","09 Jun 2026, 04:08:17 pm","0.89 s","Chromium","controllers.data.json","2026-06-01","2026-06-01","Normal"
"SELLER_008","Delete Seller - Success","Delete Seller - Success","API Controllers.data.json","Normal","❌ Failed","09 Jun 2026, 04:08:16 pm","09 Jun 2026, 04:08:17 pm","0.79 s","Chromium","controllers.data.json","2026-06-01","2026-06-01","Normal"
"SELLER_009","List Sellers By Company ID - Success","List Sellers By Company ID - Success","API Controllers.data.json","Normal","✅ Passed","09 Jun 2026, 04:08:17 pm","09 Jun 2026, 04:08:18 pm","0.99 s","Chromium","controllers.data.json","2026-06-01","2026-06-01","Normal"
"ST-SPEC-001","Verify Code accepts valid state code format with hyphen","","","","✅ Passed","09 Jun 2026, 04:21:06 pm","09 Jun 2026, 04:21:28 pm","21.35 s","Chromium","","—","—","Normal"
"ST-SPEC-002","Verify invalid Code format without hyphen is rejected","","","","✅ Passed","09 Jun 2026, 04:21:06 pm","09 Jun 2026, 04:21:28 pm","21.66 s","Chromium","","—","—","Normal"
"ST-SPEC-003","Verify invalid lowercase Code is rejected","","","","✅ Passed","09 Jun 2026, 04:21:12 pm","09 Jun 2026, 04:21:35 pm","22.33 s","Chromium","","—","—","Normal"
"ST-SPEC-004","Verify invalid mixed case Code is rejected","","","","✅ Passed","09 Jun 2026, 04:21:14 pm","09 Jun 2026, 04:21:36 pm","21.34 s","Chromium","","—","—","Normal"
"ST-SPEC-005","Verify country selection persistence","","","","✅ Passed","09 Jun 2026, 04:21:25 pm","09 Jun 2026, 04:21:44 pm","19.12 s","Chromium","","—","—","Normal"
"SYS_HEALTH_001","System: Public Health Check","Public Health Check","API System.data.json","Normal","✅ Passed","09 Jun 2026, 04:10:00 pm","09 Jun 2026, 04:10:00 pm","0.01 s","Chromium","system.data.json","2026-06-01","2026-06-01","Normal"
"TC_COMP_001","🏢 Page Visibility and Element Layouts","Verify Company Management page visibility","UI Company - Company","Normal","❌ Failed","09 Jun 2026, 04:10:28 pm","09 Jun 2026, 04:10:44 pm","16.60 s","Chromium","visibility, company","2026-06-01","2026-06-01","Normal"
"TC_COMP_003","🔍 Search and Filter Scenarios","Valid partial name 'Emirates'","UI Company - Company","Normal","⏭️ Skipped","09 Jun 2026, 04:10:46 pm","09 Jun 2026, 04:10:46 pm","0.00 s","Chromium","search, company","2026-06-01","2026-06-01","Normal"
"TC_COMP_005","⚙️ Interactions and Dialog Actions","Refresh Page","UI Company - Company","Normal","⏭️ Skipped","09 Jun 2026, 04:10:46 pm","09 Jun 2026, 04:10:46 pm","0.00 s","Chromium","interaction, company","2026-06-01","2026-06-01","Normal"
"TC_COMP_006","❌ Validation and Negative Rules","Company Code is required","UI Company - Company","Normal","⏭️ Skipped","09 Jun 2026, 04:10:46 pm","09 Jun 2026, 04:10:46 pm","0.00 s","Chromium","validation, company","2026-06-01","2026-06-01","Normal"
"TC_COMP_009","🚀 Positive Creations","Minimalist Company Flow","UI Company - Company","Normal","⏭️ Skipped","09 Jun 2026, 04:10:46 pm","09 Jun 2026, 04:10:46 pm","0.00 s","Chromium","create, company","2026-06-01","2026-06-01","Normal"
"TC_COMP_DASH_001","Verify available credits visibility","Verify available credits visibility","UI Company - Dashboard","Normal","✅ Passed","09 Jun 2026, 04:11:13 pm","09 Jun 2026, 04:11:37 pm","24.46 s","Chromium","visibility, company","2026-06-01","2026-06-01","Normal"
"TC_COMP_DASH_002","Verify Total Invoices KPI","Verify Total Invoices KPI","UI Company - Dashboard","Normal","✅ Passed","09 Jun 2026, 04:11:17 pm","09 Jun 2026, 04:11:40 pm","23.00 s","Chromium","kpi, company","2026-06-01","2026-06-01","Normal"
"TC_COMP_DASH_003","Verify Approved Invoices KPI","Verify Approved Invoices KPI","UI Company - Dashboard","Normal","✅ Passed","09 Jun 2026, 04:11:35 pm","09 Jun 2026, 04:11:57 pm","22.68 s","Chromium","kpi, company","2026-06-01","2026-06-01","Normal"
"TC_COMP_DASH_004","Verify navigation to Buy Credits","Verify navigation to Buy Credits","UI Company - Dashboard","Normal","✅ Passed","09 Jun 2026, 04:11:35 pm","09 Jun 2026, 04:11:57 pm","22.64 s","Chromium","navigation, company","2026-06-01","2026-06-01","Normal"
"TC_PLAT_DASH_001","Verify Platform KPI Metrics visibility","Verify Platform KPI Metrics visibility","UI Platform - Platform_dashboard","Normal","✅ Passed","09 Jun 2026, 04:21:53 pm","09 Jun 2026, 04:22:09 pm","16.03 s","Chromium","metrics_visibility, platform","2026-06-01","2026-06-01","Normal"
"TC_PLAT_DASH_002","Verify E-Invoice Stats widgets","Verify E-Invoice Stats widgets","UI Platform - Platform_dashboard","Normal","✅ Passed","09 Jun 2026, 04:21:55 pm","09 Jun 2026, 04:22:13 pm","17.83 s","Chromium","invoice_stats, platform","2026-06-01","2026-06-01","Normal"
"TC_PLAT_DASH_003","Verify Platform Sidebar navigation links","Verify Platform Sidebar navigation links","UI Platform - Platform_dashboard","Normal","✅ Passed","09 Jun 2026, 04:22:04 pm","09 Jun 2026, 04:22:19 pm","15.32 s","Chromium","sidebar_check, platform","2026-06-01","2026-06-01","Normal"
"TC_PLAT_DASH_004","Verify Theme Toggle functionality","Verify Theme Toggle functionality","UI Platform - Platform_dashboard","Normal","✅ Passed","09 Jun 2026, 04:22:05 pm","09 Jun 2026, 04:22:21 pm","16.18 s","Chromium","theme_toggle, platform","2026-06-01","2026-06-01","Normal"
"TC_PLAT_DASH_005","Verify User Menu visibility","Verify User Menu visibility","UI Platform - Platform_dashboard","Normal","✅ Passed","09 Jun 2026, 04:22:06 pm","09 Jun 2026, 04:22:23 pm","16.77 s","Chromium","user_menu, platform","2026-06-01","2026-06-01","Normal"
"TC_PLAT_DASH_006","Verify Language Switch options","Verify Language Switch options","UI Platform - Platform_dashboard","Normal","✅ Passed","09 Jun 2026, 04:22:07 pm","09 Jun 2026, 04:22:22 pm","15.34 s","Chromium","language_check, platform","2026-06-01","2026-06-01","Normal"
"TC_PLAT_DASH_007","Verify Notifications panel visibility","Verify Notifications panel visibility","UI Platform - Platform_dashboard","Normal","✅ Passed","09 Jun 2026, 04:22:09 pm","09 Jun 2026, 04:22:25 pm","16.58 s","Chromium","interaction, platform","2026-06-01","2026-06-01","Normal"
"TC_SET_001","Verify switching to Dark Mode","User can switch to Dark Mode for comfortable viewing in low-light environments","User Preferences","Normal","❌ Failed","09 Jun 2026, 04:10:05 pm","09 Jun 2026, 04:10:22 pm","16.70 s","Chromium","theme, ui, personalisation, dark-mode, theme_switch","2026-06-01","2026-06-01","Normal"
"TC_SET_002","Verify switching to Light Mode","User can restore default Light Mode for standard display","User Preferences","Normal","❌ Failed","09 Jun 2026, 04:10:05 pm","09 Jun 2026, 04:10:23 pm","17.17 s","Chromium","theme, ui, personalisation, light-mode, theme_switch","2026-06-01","2026-06-01","Normal"
"TC_SET_003","Verify selecting Purple accent color","User can personalise the app colour scheme to match their brand identity","User Preferences","Minor","❌ Failed","09 Jun 2026, 04:10:05 pm","09 Jun 2026, 04:10:21 pm","15.20 s","Chromium","accent-color, ui, personalisation, branding, accent_color","2026-06-01","2026-06-01","Normal"
"TC_SET_004","Verify enabling High Contrast","Accessibility — High Contrast mode improves visibility for users with visual impairments","Accessibility","Critical","❌ Failed","09 Jun 2026, 04:10:05 pm","09 Jun 2026, 04:10:23 pm","17.63 s","Chromium","accessibility, high-contrast, WCAG, a11y","2026-06-01","2026-06-01","Normal"
"TC_SET_005","Verify enabling Reduce Motion","Accessibility — Reduce Motion protects users who are sensitive to animated content","Accessibility","Critical","❌ Failed","09 Jun 2026, 04:10:05 pm","09 Jun 2026, 04:10:22 pm","16.55 s","Chromium","accessibility, reduce-motion, WCAG, a11y","2026-06-01","2026-06-01","Normal"
"TC_TAX_INT_001","Filter: By Country 'United Arab Emirates'","By Country 'United Arab Emirates'","UI Platform - Tax_config","Normal","❌ Failed","09 Jun 2026, 04:22:41 pm","09 Jun 2026, 04:23:13 pm","32.68 s","Chromium","interaction, platform","2026-06-01","2026-06-01","Normal"
"TC_TAX_INT_002","Interaction: Toggle Active Status","Toggle Active Status","UI Platform - Tax_config","Normal","✅ Passed","09 Jun 2026, 04:22:41 pm","09 Jun 2026, 04:23:01 pm","19.92 s","Chromium","interaction, platform","2026-06-01","2026-06-01","Normal"
"TC_TAX_INT_003","Dialog: Verify Zero Rate Switch","Verify Zero Rate Switch","UI Platform - Tax_config","Normal","✅ Passed","09 Jun 2026, 04:22:45 pm","09 Jun 2026, 04:23:04 pm","19.37 s","Chromium","interaction, platform","2026-06-01","2026-06-01","Normal"
"TC_TAX_INT_004","Dialog: Verify Exemption Switch","Verify Exemption Switch","UI Platform - Tax_config","Normal","✅ Passed","09 Jun 2026, 04:22:53 pm","09 Jun 2026, 04:23:12 pm","19.53 s","Chromium","interaction, platform","2026-06-01","2026-06-01","Normal"
"TC_TAX_INT_005","Dialog: Verify mutual exclusivity of switches","Verify mutual exclusivity of switches","UI Platform - Tax_config","Normal","✅ Passed","09 Jun 2026, 04:23:00 pm","09 Jun 2026, 04:23:22 pm","22.24 s","Chromium","interaction, platform","2026-06-01","2026-06-01","Normal"
"TC_TAX_VAL_001","Verify navigation to Tax Configuration","Verify navigation to Tax Configuration","UI Platform - Tax_config","Normal","✅ Passed","09 Jun 2026, 04:22:13 pm","09 Jun 2026, 04:22:28 pm","15.30 s","Chromium","visibility, platform","2026-06-01","2026-06-01","Normal"
"TC_TAX_VAL_002","Verify Create Tax Config dialog visibility","Verify Create Tax Config dialog visibility","UI Platform - Tax_config","Normal","✅ Passed","09 Jun 2026, 04:22:19 pm","09 Jun 2026, 04:22:37 pm","18.31 s","Chromium","interaction, platform","2026-06-01","2026-06-01","Normal"
"TC_TAX_VAL_003","Verify mandatory field validation - Tax Type Code","Verify mandatory field validation - Tax Type Code","UI Platform - Tax_config","Normal","✅ Passed","09 Jun 2026, 04:22:21 pm","09 Jun 2026, 04:22:41 pm","19.73 s","Chromium","validation, platform","2026-06-01","2026-06-01","Normal"
"TC_TAX_VAL_004","Verify rate validation - standard rate > 100","Verify rate validation - standard rate > 100","UI Platform - Tax_config","Normal","✅ Passed","09 Jun 2026, 04:22:22 pm","09 Jun 2026, 04:22:40 pm","18.22 s","Chromium","validation, platform","2026-06-01","2026-06-01","Normal"
"TC_TAX_VAL_005","Verify rate validation - negative rate","Verify rate validation - negative rate","UI Platform - Tax_config","Normal","✅ Passed","09 Jun 2026, 04:22:23 pm","09 Jun 2026, 04:22:45 pm","21.79 s","Chromium","validation, platform","2026-06-01","2026-06-01","Normal"
"TC_TAX_VAL_010","Validation: Rate with 3 decimals","Rate with 3 decimals","UI Platform - Tax_config","Normal","❌ Failed","09 Jun 2026, 04:22:26 pm","09 Jun 2026, 04:23:03 pm","37.20 s","Chromium","validation, platform","2026-06-01","2026-06-01","Normal"
"TC_TAX_VAL_011","Validation: Rate exactly 100.01","Rate exactly 100.01","UI Platform - Tax_config","Normal","✅ Passed","09 Jun 2026, 04:22:28 pm","09 Jun 2026, 04:22:53 pm","24.50 s","Chromium","validation, platform","2026-06-01","2026-06-01","Normal"
"TC_TAX_VAL_012","Validation: Rate exactly -0.01","Rate exactly -0.01","UI Platform - Tax_config","Normal","✅ Passed","09 Jun 2026, 04:22:38 pm","09 Jun 2026, 04:23:00 pm","22.04 s","Chromium","validation, platform","2026-06-01","2026-06-01","Normal"
"TC-001-BUYER-VISIBILITY","P-001 to P-005, N-028, N-038: Verify Buyers page loads successfully, displays columns and the add buyer button","P-001 to P-005, N-028, N-038: Verify Buyers page loads successfully, displays columns and the add buyer button","Layout","Normal","✅ Passed","09 Jun 2026, 04:10:10 pm","09 Jun 2026, 04:10:33 pm","22.63 s","Chromium","layout, visibility, company","2026-06-01","2026-06-01","Normal"
"TC-001-CMP-VISIBILITY","Verify Company Management tab loads successfully, showing columns and action options (Edit/Suspend)","Verify Company Management tab loads successfully, showing columns and action options (Edit/Suspend)","Layout","Normal","✅ Passed","09 Jun 2026, 04:23:01 pm","09 Jun 2026, 04:23:34 pm","32.98 s","Chromium","layout, visibility, platform","2026-06-01","2026-06-01","Normal"
"TC-001-COMP-DET-VISIBILITY","PTC-001 to 020, PTC-039, 040: Verify page loads successfully with all Basic Info and Contact & Address sections, field values, and alignments in read-only mode","PTC-001 to 020, PTC-039, 040: Verify page loads successfully with all Basic Info and Contact & Address sections, field values, and alignments in read-only mode","Fields","Normal","✅ Passed","09 Jun 2026, 04:11:57 pm","09 Jun 2026, 04:12:42 pm","44.91 s","Chromium","fields, visibility, company","2026-06-01","2026-06-01","Normal"
"TC-001-CREDIT-TRANSFERS-VISIBILITY","Verify Credit Transfers page loads successfully, displays columns, add button, and row click behavior","Verify Credit Transfers page loads successfully, displays columns, add button, and row click behavior","Layout","Normal","✅ Passed","09 Jun 2026, 04:10:28 pm","09 Jun 2026, 04:10:55 pm","27.29 s","Chromium","layout, visibility, company","2026-06-01","2026-06-01","Normal"
"TC-001-DELIVERY-INFO-VISIBILITY","Verify Delivery Information page loads successfully, displays columns, add button, and row click behavior","Verify Delivery Information page loads successfully, displays columns, add button, and row click behavior","Layout","Normal","✅ Passed","09 Jun 2026, 04:11:37 pm","09 Jun 2026, 04:11:59 pm","21.27 s","Chromium","layout, visibility, company","2026-06-01","2026-06-01","Normal"
"TC-001-DET-VISIBILITY","Verify Tenant Details page loads successfully with general info cards, update button, and cancel button","Verify Tenant Details page loads successfully with general info cards, update button, and cancel button","Layout","Normal","✅ Passed","09 Jun 2026, 04:23:22 pm","09 Jun 2026, 04:23:46 pm","23.39 s","Chromium","layout, visibility, platform","2026-06-01","2026-06-01","Normal"
"TC-001-EXCHANGE-RATES-VISIBILITY","Verify Exchange Rates page loads successfully, displays columns, add button, and row click behavior","Verify Exchange Rates page loads successfully, displays columns, add button, and row click behavior","Layout","Normal","✅ Passed","09 Jun 2026, 04:13:14 pm","09 Jun 2026, 04:13:42 pm","27.32 s","Chromium","layout, visibility, company","2026-06-01","2026-06-01","Normal"
"TC-001-INVOICE-TERMS-VISIBILITY","Verify Invoice Terms page loads successfully, displays columns, add button, and row click behavior","Verify Invoice Terms page loads successfully, displays columns, add button, and row click behavior","Layout","Normal","✅ Passed","09 Jun 2026, 04:13:32 pm","09 Jun 2026, 04:13:59 pm","26.56 s","Chromium","layout, visibility, company","2026-06-01","2026-06-01","Normal"
"TC-001-ITEM-VISIBILITY","PTC-001 to 003, PTC-009 to 014: Verify items page loads successfully with all columns and controls in read-only state","PTC-001 to 003, PTC-009 to 014: Verify items page loads successfully with all columns and controls in read-only state","Layout","Normal","✅ Passed","09 Jun 2026, 04:13:59 pm","09 Jun 2026, 04:14:38 pm","39.20 s","Chromium","layout, visibility, company","2026-06-01","2026-06-01","Normal"
"TC-001-PAYEE-VISIBILITY","PTC_001, PTC_002, PTC_003, PTC_033, PTC_034, PTC_048: Verify Payees page loads successfully, displays columns, add button, and row click behavior","PTC_001, PTC_002, PTC_003, PTC_033, PTC_034, PTC_048: Verify Payees page loads successfully, displays columns, add button, and row click behavior","Layout","Normal","✅ Passed","09 Jun 2026, 04:14:56 pm","09 Jun 2026, 04:15:22 pm","25.46 s","Chromium","layout, visibility, company","2026-06-01","2026-06-01","Normal"
"TC-001-PAYMENT-INSTR-VISIBILITY","Verify Payment Instructions page loads successfully, displays columns, add button, and row click behavior","Verify Payment Instructions page loads successfully, displays columns, add button, and row click behavior","Layout","Normal","✅ Passed","09 Jun 2026, 04:15:22 pm","09 Jun 2026, 04:15:51 pm","28.84 s","Chromium","layout, visibility, company","2026-06-01","2026-06-01","Normal"
"TC-001-SELLER-VISIBILITY","PTC_001, PTC_002, PTC_004, PTC_005, PTC_006, PTC_008, PTC_022: Verify Sellers page loads, displays columns, add button, and row click behavior","PTC_001, PTC_002, PTC_004, PTC_005, PTC_006, PTC_008, PTC_022: Verify Sellers page loads, displays columns, add button, and row click behavior","Layout","Normal","✅ Passed","09 Jun 2026, 04:16:27 pm","09 Jun 2026, 04:16:46 pm","19.73 s","Chromium","layout, visibility, company","2026-06-01","2026-06-01","Normal"
"TC-001-TAX-REP-VISIBILITY","Verify Tax Representatives page loads successfully, displays columns, add button, and row click behavior","Verify Tax Representatives page loads successfully, displays columns, add button, and row click behavior","Layout","Normal","✅ Passed","09 Jun 2026, 04:16:06 pm","09 Jun 2026, 04:16:27 pm","20.91 s","Chromium","layout, visibility, company","2026-06-01","2026-06-01","Normal"
"TC-001-TEN-VISIBILITY","Verify Customer Management page visibility, title, and Excel export button","Verify Customer Management page visibility, title, and Excel export button","Layout","Normal","✅ Passed","09 Jun 2026, 04:23:59 pm","09 Jun 2026, 04:24:16 pm","17.94 s","Chromium","layout, visibility, platform","2026-06-01","2026-06-01","Normal"
"TC-001-USR-VISIBILITY","Verify User Management page loads successfully, displays columns, and create user button","Verify User Management page loads successfully, displays columns, and create user button","Layout","Normal","✅ Passed","09 Jun 2026, 04:23:53 pm","09 Jun 2026, 04:24:10 pm","17.28 s","Chromium","layout, visibility, platform","2026-06-01","2026-06-01","Normal"
"TC-001-VISIBILITY-LAYOUT","🏢 Creator Role Visibility and Security Constraints","P-017, P-018, P-042, P-092, P-100, P-137, P-138, N-035, N-036, N-037, N-080, N-081, N-132, N-133, N-150: Creator Role Visibility and Security Constraints","Layout","Normal","✅ Passed","09 Jun 2026, 04:17:12 pm","09 Jun 2026, 04:17:48 pm","35.26 s","Chromium","layout, visibility, invoice","2026-06-01","2026-06-01","Normal"
"TC-002-BUYER-VALIDATION-NEGATIVE","P-007 to P-009, N-001 to N-013, N-016, N-017, N-030 to N-032, N-042, N-044, N-048: Verify input validations on empty and invalid values","P-007 to P-009, N-001 to N-013, N-016, N-017, N-030 to N-032, N-042, N-044, N-048: Verify input validations on empty and invalid values","Invalid-form","Normal","✅ Passed","09 Jun 2026, 04:10:08 pm","09 Jun 2026, 04:10:55 pm","47.45 s","Chromium","invalid-form, validation, company","2026-06-01","2026-06-01","Normal"
"TC-002-CMP-VALIDATION-NEGATIVE","Verify edit validations (TRN format/limit, blank fields, name numeric/special limits, script/SQL injection)","Verify edit validations (TRN format/limit, blank fields, name numeric/special limits, script/SQL injection)","Invalid-form","Normal","✅ Passed","09 Jun 2026, 04:23:04 pm","09 Jun 2026, 04:24:02 pm","57.51 s","Chromium","invalid-form, validation, platform","2026-06-01","2026-06-01","Normal"
"TC-002-COMP-DET-NAV-TABS","PTC-021 to 027, PTC-048: Verify Information tab is active by default and navigating to other tabs highlights the active tab correctly","PTC-021 to 027, PTC-048: Verify Information tab is active by default and navigating to other tabs highlights the active tab correctly","Tabs","Normal","✅ Passed","09 Jun 2026, 04:11:58 pm","09 Jun 2026, 04:12:50 pm","52.06 s","Chromium","tabs, navigation, company","2026-06-01","2026-06-01","Normal"
"TC-002-CREDIT-TRANSFERS-ROLE-ACCESS","Verify access restrictions for non-admin user on Credit Transfers","Verify access restrictions for non-admin user on Credit Transfers","Permissions","Normal","✅ Passed","09 Jun 2026, 04:10:33 pm","09 Jun 2026, 04:11:16 pm","43.08 s","Chromium","permissions, role-access, company","2026-06-01","2026-06-01","Normal"
"TC-002-DELIVERY-INFO-ROLE-ACCESS","Verify access restrictions for non-admin user on Delivery Information","Verify access restrictions for non-admin user on Delivery Information","Permissions","Normal","✅ Passed","09 Jun 2026, 04:11:40 pm","09 Jun 2026, 04:12:18 pm","38.64 s","Chromium","permissions, role-access, company","2026-06-01","2026-06-01","Normal"
"TC-002-DET-VALIDATION-NEGATIVE","Verify edit inputs validation rules (empty values, special characters, decimals, negative bounds)","Verify edit inputs validation rules (empty values, special characters, decimals, negative bounds)","Invalid-form","Normal","✅ Passed","09 Jun 2026, 04:23:34 pm","09 Jun 2026, 04:24:24 pm","50.12 s","Chromium","invalid-form, validation, platform","2026-06-01","2026-06-01","Normal"
"TC-002-DRAFT-LIFECYCLE","💾 Draft Invoice Operations and Lifecycle","P-001, P-033, P-034, P-051, P-055, P-058, P-074, P-082, P-094, P-096, P-098, P-106, P-107, P-115, P-116, P-128, P-136, N-096, N-135: Draft Invoice Operations and Lifecycle","UI Invoice - Invoice","Normal","✅ Passed","09 Jun 2026, 04:17:48 pm","09 Jun 2026, 04:19:02 pm","74.54 s","Chromium","draft-lifecycle, invoice","2026-06-01","2026-06-01","Normal"
"TC-002-EXCHANGE-RATES-ROLE-ACCESS","Verify access restrictions for non-admin user on Exchange Rates","Verify access restrictions for non-admin user on Exchange Rates","Permissions","Normal","✅ Passed","09 Jun 2026, 04:13:18 pm","09 Jun 2026, 04:14:17 pm","59.09 s","Chromium","permissions, role-access, company","2026-06-01","2026-06-01","Normal"
"TC-002-INVOICE-TERMS-ROLE-ACCESS","Verify access restrictions for non-admin user on Invoice Terms","Verify access restrictions for non-admin user on Invoice Terms","Permissions","Normal","✅ Passed","09 Jun 2026, 04:13:42 pm","09 Jun 2026, 04:14:36 pm","53.73 s","Chromium","permissions, role-access, company","2026-06-01","2026-06-01","Normal"
"TC-002-ITEM-SEARCH","PTC-004 to 008, NTC-002, 003, 035, 036, 050: Verify search functionality with exact, partial, case-insensitive, special, blank, script tags, and SQL injection inputs","PTC-004 to 008, NTC-002, 003, 035, 036, 050: Verify search functionality with exact, partial, case-insensitive, special, blank, script tags, and SQL injection inputs","Search-input","Normal","✅ Passed","09 Jun 2026, 04:14:10 pm","09 Jun 2026, 04:15:00 pm","50.18 s","Chromium","search-input, search, company","2026-06-01","2026-06-01","Normal"
"TC-002-PAYEE-ROLE-ACCESS","NTC_032, NTC_033: Verify access restrictions for non-admin user","NTC_032, NTC_033: Verify access restrictions for non-admin user","Permissions","Normal","✅ Passed","09 Jun 2026, 04:15:00 pm","09 Jun 2026, 04:15:54 pm","53.19 s","Chromium","permissions, role-access, company","2026-06-01","2026-06-01","Normal"
"TC-002-PAYMENT-INSTR-ROLE-ACCESS","Verify access restrictions for non-admin user on Payment Instructions","Verify access restrictions for non-admin user on Payment Instructions","Permissions","Normal","✅ Passed","09 Jun 2026, 04:15:25 pm","09 Jun 2026, 04:16:15 pm","50.06 s","Chromium","permissions, role-access, company","2026-06-01","2026-06-01","Normal"
"TC-002-SELLER-ROLE-ACCESS","PTC_003, NTC_030, NTC_049, NTC_050: Verify access restrictions for non-admin user","PTC_003, NTC_030, NTC_049, NTC_050: Verify access restrictions for non-admin user","Permissions","Normal","✅ Passed","09 Jun 2026, 04:16:33 pm","09 Jun 2026, 04:17:16 pm","43.01 s","Chromium","permissions, role-access, company","2026-06-01","2026-06-01","Normal"
"TC-002-TAX-REP-ROLE-ACCESS","Verify access restrictions for non-admin user","Verify access restrictions for non-admin user","Permissions","Normal","✅ Passed","09 Jun 2026, 04:16:15 pm","09 Jun 2026, 04:16:50 pm","35.51 s","Chromium","permissions, role-access, company","2026-06-01","2026-06-01","Normal"
"TC-002-TEN-VALIDATION-NEGATIVE","Verify Tenant input validation rules for empty, duplicate, or incorrect values","Verify Tenant input validation rules for empty, duplicate, or incorrect values","Invalid-form","Normal","✅ Passed","09 Jun 2026, 04:24:17 pm","09 Jun 2026, 04:24:50 pm","33.35 s","Chromium","invalid-form, validation, platform","2026-06-01","2026-06-01","Normal"
"TC-002-USR-VALIDATION-NEGATIVE","Verify user validation rules for empty, duplicate, or invalid values","Verify user validation rules for empty, duplicate, or invalid values","Invalid-form","Normal","✅ Passed","09 Jun 2026, 04:24:02 pm","09 Jun 2026, 04:24:53 pm","51.27 s","Chromium","invalid-form, validation, platform","2026-06-01","2026-06-01","Normal"
"TC-003-BUYER-CREATE-POSITIVE","P-006, P-017, P-018, P-020 to P-026: Verify successful Buyer creation with valid formats and limits","P-006, P-017, P-018, P-020 to P-026: Verify successful Buyer creation with valid formats and limits","Valid-form","Normal","✅ Passed","09 Jun 2026, 04:10:13 pm","09 Jun 2026, 04:11:12 pm","58.97 s","Chromium","valid-form, create, company","2026-06-01","2026-06-01","Normal"
"TC-003-CMP-CREATE-UPDATE-POSITIVE","Verify successful updates to Company properties (name, type, currency, country, address, theme, language)","Verify successful updates to Company properties (name, type, currency, country, address, theme, language)","Valid-form","Normal","❌ Failed","09 Jun 2026, 04:23:13 pm","09 Jun 2026, 04:24:12 pm","59.63 s","Chromium","valid-form, update, platform","2026-06-01","2026-06-01","Normal"
"TC-003-COMP-DET-TAB-SCROLL","PTC-029 to 031: Verify tab scroll buttons, All button, and selecting a tab from the grid popover works as expected","PTC-029 to 031: Verify tab scroll buttons, All button, and selecting a tab from the grid popover works as expected","Scroll-controls","Normal","✅ Passed","09 Jun 2026, 04:11:59 pm","09 Jun 2026, 04:12:38 pm","38.73 s","Chromium","scroll-controls, interaction, company","2026-06-01","2026-06-01","Normal"
"TC-003-CREDIT-TRANSFERS-VALIDATION-NEGATIVE","Verify input validations on empty and invalid values for Credit Transfers","Verify input validations on empty and invalid values for Credit Transfers","Invalid-form","Normal","✅ Passed","09 Jun 2026, 04:10:53 pm","09 Jun 2026, 04:11:34 pm","41.10 s","Chromium","invalid-form, validation, company","2026-06-01","2026-06-01","Normal"
"TC-003-DELIVERY-INFO-VALIDATION-NEGATIVE","Verify input validations on empty and invalid values for Delivery Information","Verify input validations on empty and invalid values for Delivery Information","Invalid-form","Normal","✅ Passed","09 Jun 2026, 04:11:53 pm","09 Jun 2026, 04:12:35 pm","42.44 s","Chromium","invalid-form, validation, company","2026-06-01","2026-06-01","Normal"
"TC-003-DET-UPDATE-POSITIVE","Verify updating fields (Tenant Code, name, Max Users, Max Invoices, schema, and toggles)","Verify updating fields (Tenant Code, name, Max Users, Max Invoices, schema, and toggles)","Valid-form","Normal","✅ Passed","09 Jun 2026, 04:23:46 pm","09 Jun 2026, 04:24:26 pm","39.90 s","Chromium","valid-form, update, platform","2026-06-01","2026-06-01","Normal"
"TC-003-EXCHANGE-RATES-VALIDATION-NEGATIVE","Verify input validations on empty and invalid values for Exchange Rates","Verify input validations on empty and invalid values for Exchange Rates","Invalid-form","Normal","✅ Passed","09 Jun 2026, 04:13:22 pm","09 Jun 2026, 04:13:50 pm","28.04 s","Chromium","invalid-form, validation, company","2026-06-01","2026-06-01","Normal"
"TC-003-FORM-MATH-CALCULATIONS","➕ Line Item Lifecycle and Calculations","P-021 to P-032, P-043, P-044, P-056, P-057, P-059, P-060, P-062 to P-064, P-086 to P-088, P-097, P-108, P-109, P-129, P-134, P-149, N-025, N-079, N-117, N-118: Real-Time Auto-Calculations and Form Math","UI Invoice - Invoice","Normal","✅ Passed","09 Jun 2026, 04:19:02 pm","09 Jun 2026, 04:20:14 pm","71.79 s","Chromium","calculations, invoice","2026-06-01","2026-06-01","Normal"
"TC-003-INVOICE-TERMS-VALIDATION-NEGATIVE","Verify input validations on empty and invalid values for Invoice Terms","Verify input validations on empty and invalid values for Invoice Terms","Invalid-form","Normal","✅ Passed","09 Jun 2026, 04:13:52 pm","09 Jun 2026, 04:14:27 pm","34.17 s","Chromium","invalid-form, validation, company","2026-06-01","2026-06-01","Normal"
"TC-003-ITEM-CREATE-VALID","PTC-016 to 022, 023 to 039, 040: Verify successful item creation with mandatory and optional fields, dropdown selections, and valid pricing inputs","PTC-016 to 022, 023 to 039, 040: Verify successful item creation with mandatory and optional fields, dropdown selections, and valid pricing inputs","Valid-form","Normal","✅ Passed","09 Jun 2026, 04:14:18 pm","09 Jun 2026, 04:15:05 pm","46.75 s","Chromium","valid-form, create, company","2026-06-01","2026-06-01","Normal"
"TC-003-PAYEE-VALIDATION-NEGATIVE","PTC_005, PTC_006, PTC_045, PTC_046, PTC_047, PTC_048, PTC_049, PTC_050, NTC_001 to NTC_011, NTC_014 to NTC_020, NTC_025 to NTC_028, NTC_035, NTC_038, NTC_039, NTC_040, NTC_049, NTC_050: Verify input validations on empty and invalid values","PTC_005, PTC_006, PTC_045, PTC_046, PTC_047, PTC_048, PTC_049, PTC_050, NTC_001 to NTC_011, NTC_014 to NTC_020, NTC_025 to NTC_028, NTC_035, NTC_038, NTC_039, NTC_040, NTC_049, NTC_050: Verify input validations on empty and invalid values","Invalid-form","Normal","✅ Passed","09 Jun 2026, 04:15:05 pm","09 Jun 2026, 04:15:54 pm","49.03 s","Chromium","invalid-form, validation, company","2026-06-01","2026-06-01","Normal"
"TC-003-PAYMENT-INSTR-VALIDATION-NEGATIVE","Verify input validations on empty and invalid values for Payment Instructions","Verify input validations on empty and invalid values for Payment Instructions","Invalid-form","Normal","✅ Passed","09 Jun 2026, 04:15:31 pm","09 Jun 2026, 04:16:05 pm","34.65 s","Chromium","invalid-form, validation, company","2026-06-01","2026-06-01","Normal"
"TC-003-SELLER-VALIDATION-NEGATIVE","PTC_034 to PTC_045, NTC_001 to NTC_009, NTC_012 to NTC_017, NTC_025, NTC_026, NTC_027, NTC_028, NTC_029, NTC_032, NTC_035, NTC_036, NTC_037, NTC_038, NTC_045, NTC_047: Verify input validations on empty and invalid values","PTC_034 to PTC_045, NTC_001 to NTC_009, NTC_012 to NTC_017, NTC_025, NTC_026, NTC_027, NTC_028, NTC_029, NTC_032, NTC_035, NTC_036, NTC_037, NTC_038, NTC_045, NTC_047: Verify input validations on empty and invalid values","Invalid-form","Normal","✅ Passed","09 Jun 2026, 04:16:39 pm","09 Jun 2026, 04:17:19 pm","39.71 s","Chromium","invalid-form, validation, company","2026-06-01","2026-06-01","Normal"
"TC-003-TAX-REP-VALIDATION-NEGATIVE","Verify input validations on empty and invalid values for Tax Representatives","Verify input validations on empty and invalid values for Tax Representatives","Invalid-form","Normal","✅ Passed","09 Jun 2026, 04:16:24 pm","09 Jun 2026, 04:16:57 pm","33.26 s","Chromium","invalid-form, validation, company","2026-06-01","2026-06-01","Normal"
"TC-003-TEN-CREATE-POSITIVE","Verify successful Tenant creations (Full flow, minimal, and industry-specific)","Verify successful Tenant creations (Full flow, minimal, and industry-specific)","Valid-form","Normal","✅ Passed","09 Jun 2026, 04:24:50 pm","09 Jun 2026, 04:25:14 pm","23.46 s","Chromium","valid-form, create, platform","2026-06-01","2026-06-01","Normal"
"TC-003-USR-CREATE-POSITIVE","Verify successful User creation with Tenant Admin and Tenant Viewer roles","Verify successful User creation with Tenant Admin and Tenant Viewer roles","Valid-form","Normal","✅ Passed","09 Jun 2026, 04:24:10 pm","09 Jun 2026, 04:24:40 pm","30.25 s","Chromium","valid-form, create, platform","2026-06-01","2026-06-01","Normal"
"TC-004-BUYER-SEARCH-FILTER-SORT","P-019, P-027 to P-041, N-018 to N-023, N-036, N-037, N-040, N-047: Verify search, sort, and pagination of the Buyer table","P-019, P-027 to P-041, N-018 to N-023, N-036, N-037, N-040, N-047: Verify search, sort, and pagination of the Buyer table","Table-data","Normal","⚠️ Broken","09 Jun 2026, 04:10:26 pm","09 Jun 2026, 04:11:38 pm","72.37 s","Chromium","table-data, search-sort, company","2026-06-01","2026-06-01","Normal"
"TC-004-CMP-SEARCH-FILTER","Verify company search, country filter, sort order, and filter reset actions","Verify company search, country filter, sort order, and filter reset actions","Table-data","Normal","✅ Passed","09 Jun 2026, 04:23:12 pm","09 Jun 2026, 04:23:53 pm","40.41 s","Chromium","table-data, search-sort, platform","2026-06-01","2026-06-01","Normal"
"TC-004-COMP-DET-SIDEBAR","PTC-033, 034: Verify left sidebar is visible and remains fixed during page scrolling","PTC-033, 034: Verify left sidebar is visible and remains fixed during page scrolling","Sidebar","Normal","✅ Passed","09 Jun 2026, 04:12:18 pm","09 Jun 2026, 04:13:01 pm","42.53 s","Chromium","sidebar, visibility, company","2026-06-01","2026-06-01","Normal"
"TC-004-CREDIT-TRANSFERS-CREATE-POSITIVE","Verify successful Credit Transfer creation with valid data","Verify successful Credit Transfer creation with valid data","Valid-form","Normal","✅ Passed","09 Jun 2026, 04:10:52 pm","09 Jun 2026, 04:11:35 pm","42.58 s","Chromium","valid-form, create, company","2026-06-01","2026-06-01","Normal"
"TC-004-DELIVERY-INFO-CREATE-POSITIVE","Verify successful Delivery Information creation with valid data","Verify successful Delivery Information creation with valid data","Valid-form","Normal","✅ Passed","09 Jun 2026, 04:11:53 pm","09 Jun 2026, 04:12:37 pm","43.85 s","Chromium","valid-form, create, company","2026-06-01","2026-06-01","Normal"
"TC-004-DET-INTERACTIONS","Verify tab navigation (Users/Companies), Back arrow redirection, and Suspend/Reactivate actions","Verify tab navigation (Users/Companies), Back arrow redirection, and Suspend/Reactivate actions","Actions","Normal","✅ Passed","09 Jun 2026, 04:23:48 pm","09 Jun 2026, 04:24:10 pm","21.82 s","Chromium","actions, interaction, platform","2026-06-01","2026-06-01","Normal"
"TC-004-INVOICE-TERMS-CREATE-POSITIVE","Verify successful Invoice Terms creation with valid data","Verify successful Invoice Terms creation with valid data","Valid-form","Normal","❌ Failed","09 Jun 2026, 04:13:55 pm","09 Jun 2026, 04:14:44 pm","49.12 s","Chromium","valid-form, create, company","2026-06-01","2026-06-01","Normal"
"TC-004-ITEM-CREATE-INVALID","NTC-004 to 006, 008 to 017, 048, 049: Verify validations for invalid inputs: blank name, duplicate name, long text, empty dropdowns, invalid pricing","NTC-004 to 006, 008 to 017, 048, 049: Verify validations for invalid inputs: blank name, duplicate name, long text, empty dropdowns, invalid pricing","Invalid-form","Normal","✅ Passed","09 Jun 2026, 04:14:27 pm","09 Jun 2026, 04:15:14 pm","47.26 s","Chromium","invalid-form, validation, company","2026-06-01","2026-06-01","Normal"
"TC-004-PAYEE-CREATE-POSITIVE","PTC_004, PTC_007 to PTC_014, PTC_044, PTC_049, NTC_012, NTC_013, NTC_037, NTC_045, NTC_046: Verify successful Payee creation with valid data and duplicate prevention","PTC_004, PTC_007 to PTC_014, PTC_044, PTC_049, NTC_012, NTC_013, NTC_037, NTC_045, NTC_046: Verify successful Payee creation with valid data and duplicate prevention","Valid-form","Normal","⚠️ Broken","09 Jun 2026, 04:15:10 pm","09 Jun 2026, 04:16:14 pm","64.09 s","Chromium","valid-form, create, company","2026-06-01","2026-06-01","Normal"
"TC-004-PAYMENT-INSTR-CREATE-POSITIVE","Verify successful Payment Instruction creation with valid data","Verify successful Payment Instruction creation with valid data","Valid-form","Normal","❌ Failed","09 Jun 2026, 04:15:51 pm","09 Jun 2026, 04:16:32 pm","40.74 s","Chromium","valid-form, create, company","2026-06-01","2026-06-01","Normal"
"TC-004-SELLER-CREATE-POSITIVE","PTC_032, PTC_033, PTC_046, NTC_010, NTC_011, NTC_031, NTC_046: Verify successful Seller creation with valid data and duplicate prevention","PTC_032, PTC_033, PTC_046, NTC_010, NTC_011, NTC_031, NTC_046: Verify successful Seller creation with valid data and duplicate prevention","Valid-form","Normal","⚠️ Broken","09 Jun 2026, 04:16:47 pm","09 Jun 2026, 04:17:56 pm","69.73 s","Chromium","valid-form, create, company","2026-06-01","2026-06-01","Normal"
"TC-004-SUBMISSIONS-POSITIVE","🚀 Successful Invoice Submissions & Variations","P-002 to P-006, P-041, P-045, P-048, P-050, P-052, P-053, P-061, P-065, P-066, P-073, P-075, P-079 to P-081, P-089, P-090, P-091, P-095, P-099, P-101 to P-105, P-110, P-111, P-114, P-117 to P-119, P-125, P-126, P-130 to P-133, P-135, P-140, P-141, P-148: Successful Invoice Submissions & Variations","UI Invoice - Invoice","Normal","⚠️ Broken","09 Jun 2026, 04:20:14 pm","09 Jun 2026, 04:23:35 pm","201.09 s","Chromium","submissions-positive, invoice","2026-06-01","2026-06-01","Normal"
"TC-004-TAX-REP-CREATE-POSITIVE","Verify successful Tax Representative creation with valid data","Verify successful Tax Representative creation with valid data","Valid-form","Normal","✅ Passed","09 Jun 2026, 04:16:19 pm","09 Jun 2026, 04:16:51 pm","32.24 s","Chromium","valid-form, create, company","2026-06-01","2026-06-01","Normal"
"TC-004-TEN-SEARCH-FILTER-SORT","Verify Tenant search, country filter, status filter, and pagination","Verify Tenant search, country filter, status filter, and pagination","Table-data","Normal","✅ Passed","09 Jun 2026, 04:25:14 pm","09 Jun 2026, 04:25:58 pm","43.85 s","Chromium","table-data, search-sort, platform","2026-06-01","2026-06-01","Normal"
"TC-004-USR-SEARCH-FILTER-SORT","Verify user search, pagination, and sorting of the Users list","Verify user search, pagination, and sorting of the Users list","Table-data","Normal","✅ Passed","09 Jun 2026, 04:24:10 pm","09 Jun 2026, 04:24:45 pm","34.92 s","Chromium","table-data, search-sort, platform","2026-06-01","2026-06-01","Normal"
"TC-005-BUYER-ACTIONS","P-042 to P-047, N-014, N-015, N-026, N-033, N-043, N-045, N-046, N-049: Verify Edit, Suspend, Reactivate, and Duplicate prevention","P-042 to P-047, N-014, N-015, N-026, N-033, N-043, N-045, N-046, N-049: Verify Edit, Suspend, Reactivate, and Duplicate prevention","Row-actions","Normal","⚠️ Broken","09 Jun 2026, 04:10:27 pm","09 Jun 2026, 04:11:38 pm","70.52 s","Chromium","row-actions, actions, company","2026-06-01","2026-06-01","Normal"
"TC-005-CMP-SECURITY","Verify script injection and SQL injection safety on search input","Verify script injection and SQL injection safety on search input","Security-injection","Normal","✅ Passed","09 Jun 2026, 04:23:21 pm","09 Jun 2026, 04:23:47 pm","26.37 s","Chromium","security-injection, security, platform","2026-06-01","2026-06-01","Normal"
"TC-005-COMP-DET-DARK-MODE","PTC-035, 036, PTC-046: Verify theme switching and visibility under Dark Mode / High Contrast","PTC-035, 036, PTC-046: Verify theme switching and visibility under Dark Mode / High Contrast","Themes","Normal","✅ Passed","09 Jun 2026, 04:12:36 pm","09 Jun 2026, 04:13:32 pm","56.46 s","Chromium","themes, interaction, company","2026-06-01","2026-06-01","Normal"
"TC-005-CREDIT-TRANSFERS-SEARCH-FILTER-SORT","Verify search, sort, and pagination of the Credit Transfers table","Verify search, sort, and pagination of the Credit Transfers table","Table-data","Normal","✅ Passed","09 Jun 2026, 04:10:56 pm","09 Jun 2026, 04:11:54 pm","58.23 s","Chromium","table-data, search-sort, company","2026-06-01","2026-06-01","Normal"
"TC-005-DELIVERY-INFO-SEARCH-FILTER-SORT","Verify search, sort, and pagination of the Delivery Information table","Verify search, sort, and pagination of the Delivery Information table","Table-data","Normal","⚠️ Broken","09 Jun 2026, 04:11:54 pm","09 Jun 2026, 04:13:04 pm","69.42 s","Chromium","table-data, search-sort, company","2026-06-01","2026-06-01","Normal"
"TC-005-EXCHANGE-RATES-SEARCH-FILTER-SORT","Verify search, sort, and pagination of the Exchange Rates table","Verify search, sort, and pagination of the Exchange Rates table","Table-data","Normal","✅ Passed","09 Jun 2026, 04:13:26 pm","09 Jun 2026, 04:13:56 pm","30.46 s","Chromium","table-data, search-sort, company","2026-06-01","2026-06-01","Normal"
"TC-005-INVOICE-TERMS-SEARCH-FILTER-SORT","Verify search, sort, and pagination of the Invoice Terms table","Verify search, sort, and pagination of the Invoice Terms table","Table-data","Normal","✅ Passed","09 Jun 2026, 04:13:50 pm","09 Jun 2026, 04:14:27 pm","36.35 s","Chromium","table-data, search-sort, company","2026-06-01","2026-06-01","Normal"
"TC-005-ITEM-SORT","PTC-041 to 044, NTC-032, 033: Verify column sorting (ascending, descending, blank columns, rapid clicks)","PTC-041 to 044, NTC-032, 033: Verify column sorting (ascending, descending, blank columns, rapid clicks)","Sorting","Normal","✅ Passed","09 Jun 2026, 04:14:27 pm","09 Jun 2026, 04:15:10 pm","42.13 s","Chromium","sorting, interaction, company","2026-06-01","2026-06-01","Normal"
"TC-005-LISTING-SEARCH-FILTERS","🔍 Listing, Search, Filters & Pagination","P-035 to P-040, P-067 to P-072, P-084, P-085, P-093, P-112, P-113, P-120 to P-124, P-139, P-146, P-147, N-041, N-042, N-043, N-088, N-089, N-090, N-144, N-145: Listing, Search, Filters & Pagination","UI Invoice - Invoice","Normal","⏭️ Skipped","09 Jun 2026, 04:23:52 pm","09 Jun 2026, 04:23:52 pm","0.00 s","Chromium","search-sort, invoice","2026-06-01","2026-06-01","Normal"
"TC-005-PAYEE-SEARCH-FILTER-SORT","PTC_015 to PTC_030, NTC_021 to NTC_024, NTC_034, NTC_036, NTC_041, NTC_042: Verify search, sort, and pagination of the Payee table","PTC_015 to PTC_030, NTC_021 to NTC_024, NTC_034, NTC_036, NTC_041, NTC_042: Verify search, sort, and pagination of the Payee table","Table-data","Normal","⚠️ Broken","09 Jun 2026, 04:15:14 pm","09 Jun 2026, 04:16:21 pm","66.40 s","Chromium","table-data, search-sort, company","2026-06-01","2026-06-01","Normal"
"TC-005-PAYMENT-INSTR-SEARCH-FILTER-SORT","Verify search, sort, and pagination of the Payment Instructions table","Verify search, sort, and pagination of the Payment Instructions table","Table-data","Normal","✅ Passed","09 Jun 2026, 04:15:54 pm","09 Jun 2026, 04:16:22 pm","27.76 s","Chromium","table-data, search-sort, company","2026-06-01","2026-06-01","Normal"
"TC-005-SELLER-SEARCH-FILTER-SORT","PTC_009 to PTC_013, PTC_014, PTC_015, PTC_016 to PTC_021, PTC_023 to PTC_026, NTC_018, NTC_019, NTC_020, NTC_021, NTC_034, NTC_039, NTC_040, NTC_042, NTC_048: Verify search, sort, and pagination of the Seller table","PTC_009 to PTC_013, PTC_014, PTC_015, PTC_016 to PTC_021, PTC_023 to PTC_026, NTC_018, NTC_019, NTC_020, NTC_021, NTC_034, NTC_039, NTC_040, NTC_042, NTC_048: Verify search, sort, and pagination of the Seller table","Table-data","Normal","⚠️ Broken","09 Jun 2026, 04:16:51 pm","09 Jun 2026, 04:17:57 pm","66.12 s","Chromium","table-data, search-sort, company","2026-06-01","2026-06-01","Normal"
"TC-005-TAX-REP-SEARCH-FILTER-SORT","Verify search, sort, and pagination of the Tax Representatives table","Verify search, sort, and pagination of the Tax Representatives table","Table-data","Normal","✅ Passed","09 Jun 2026, 04:16:22 pm","09 Jun 2026, 04:17:02 pm","40.22 s","Chromium","table-data, search-sort, company","2026-06-01","2026-06-01","Normal"
"TC-005-TEN-ACTIONS-EXPORT","Verify Tenant edit, status suspend/activate, and Excel export actions","Verify Tenant edit, status suspend/activate, and Excel export actions","Row-actions","Normal","✅ Passed","09 Jun 2026, 04:25:58 pm","09 Jun 2026, 04:26:33 pm","34.86 s","Chromium","row-actions, actions, platform","2026-06-01","2026-06-01","Normal"
"TC-005-USR-ACTIONS","Verify Edit, Deactivate, Activate, and role change for Users","Verify Edit, Deactivate, Activate, and role change for Users","Row-actions","Normal","✅ Passed","09 Jun 2026, 04:24:22 pm","09 Jun 2026, 04:24:44 pm","21.35 s","Chromium","row-actions, actions, platform","2026-06-01","2026-06-01","Normal"
"TC-006-BUYER-EXPORT-REFRESH","P-048 to P-050, N-024, N-025, N-039: Verify refresh, exports (Excel/JSON) and cancellation of actions","P-048 to P-050, N-024, N-025, N-039: Verify refresh, exports (Excel/JSON) and cancellation of actions","Table-export","Normal","✅ Passed","09 Jun 2026, 04:10:27 pm","09 Jun 2026, 04:10:51 pm","24.48 s","Chromium","table-export, exports, company","2026-06-01","2026-06-01","Normal"
"TC-006-COMP-DET-BROWSER-NAV","PTC-032, NTC-007, NTC-038: Verify browser navigation (back, forward, and multiple clicks) handles tab history and goes back correctly","PTC-032, NTC-007, NTC-038: Verify browser navigation (back, forward, and multiple clicks) handles tab history and goes back correctly","Browser-history","Normal","✅ Passed","09 Jun 2026, 04:12:38 pm","09 Jun 2026, 04:13:22 pm","44.23 s","Chromium","browser-history, navigation, company","2026-06-01","2026-06-01","Normal"
"TC-006-CREDIT-TRANSFERS-ACTIONS-EXPORT","Verify Edit, Suspend, Reactivate, refresh, exports (Excel/JSON) and cancels for Credit Transfers","Verify Edit, Suspend, Reactivate, refresh, exports (Excel/JSON) and cancels for Credit Transfers","Row-actions","Normal","✅ Passed","09 Jun 2026, 04:10:56 pm","09 Jun 2026, 04:11:54 pm","58.40 s","Chromium","row-actions, actions, company","2026-06-01","2026-06-01","Normal"
"TC-006-DELIVERY-INFO-ACTIONS-EXPORT","Verify Edit, Suspend, Reactivate, refresh, exports (Excel/JSON) and cancels for Delivery Information","Verify Edit, Suspend, Reactivate, refresh, exports (Excel/JSON) and cancels for Delivery Information","Row-actions","Normal","⚠️ Broken","09 Jun 2026, 04:11:55 pm","09 Jun 2026, 04:13:01 pm","66.81 s","Chromium","row-actions, actions, company","2026-06-01","2026-06-01","Normal"
"TC-006-HEADER-VALIDATION-NEGATIVE","❌ Header Form Validations (Negative)","N-001 to N-018, N-060, N-061, N-067, N-068, N-091 to N-093, N-101 to N-109: Header Form Validations (Negative)","UI Invoice - Invoice","Normal","⏭️ Skipped","09 Jun 2026, 04:23:52 pm","09 Jun 2026, 04:23:52 pm","0.00 s","Chromium","header-validation, invoice","2026-06-01","2026-06-01","Normal"
"TC-006-INVOICE-TERMS-ACTIONS","Verify Edit, Suspend, Reactivate, and cancel flows for Invoice Terms","Verify Edit, Suspend, Reactivate, and cancel flows for Invoice Terms","Row-actions","Normal","❌ Failed","09 Jun 2026, 04:13:57 pm","09 Jun 2026, 04:14:39 pm","42.66 s","Chromium","row-actions, actions, company","2026-06-01","2026-06-01","Normal"
"TC-006-ITEM-REFRESH-PAGINATION","PTC-045, 050, NTC-034, 047: Verify refresh button and changing row page size (25, 50, 100) resetting to page 1","PTC-045, 050, NTC-034, 047: Verify refresh button and changing row page size (25, 50, 100) resetting to page 1","Pagination-refresh","Normal","✅ Passed","09 Jun 2026, 04:14:36 pm","09 Jun 2026, 04:15:24 pm","48.34 s","Chromium","pagination-refresh, interaction, company","2026-06-01","2026-06-01","Normal"
"TC-006-PAYEE-ACTIONS-EXPORT","PTC_031, PTC_032, PTC_035 to PTC_043, NTC_029, NTC_030, NTC_031, NTC_043, NTC_044, NTC_048: Verify Edit, Suspend, Reactivate, refresh, exports (Excel/JSON) and cancels","PTC_031, PTC_032, PTC_035 to PTC_043, NTC_029, NTC_030, NTC_031, NTC_043, NTC_044, NTC_048: Verify Edit, Suspend, Reactivate, refresh, exports (Excel/JSON) and cancels","Row-actions","Normal","⚠️ Broken","09 Jun 2026, 04:15:17 pm","09 Jun 2026, 04:16:22 pm","65.19 s","Chromium","row-actions, actions, company","2026-06-01","2026-06-01","Normal"
"TC-006-PAYMENT-INSTR-ACTIONS","Verify Suspend, Reactivate, and cancel flows for Payment Instructions","Verify Suspend, Reactivate, and cancel flows for Payment Instructions","Row-actions","Normal","✅ Passed","09 Jun 2026, 04:15:54 pm","09 Jun 2026, 04:16:19 pm","24.83 s","Chromium","row-actions, actions, company","2026-06-01","2026-06-01","Normal"
"TC-006-SELLER-ACTIONS-EXPORT","PTC_007, PTC_027, PTC_028, PTC_029, PTC_030, PTC_031, PTC_047, PTC_048, PTC_049, PTC_050, NTC_022, NTC_023, NTC_024, NTC_033, NTC_041, NTC_043, NTC_044: Verify Edit, Suspend, Reactivate, refresh, exports (Excel/JSON) and cancels","PTC_007, PTC_027, PTC_028, PTC_029, PTC_030, PTC_031, PTC_047, PTC_048, PTC_049, PTC_050, NTC_022, NTC_023, NTC_024, NTC_033, NTC_041, NTC_043, NTC_044: Verify Edit, Suspend, Reactivate, refresh, exports (Excel/JSON) and cancels","Row-actions","Normal","⚠️ Broken","09 Jun 2026, 04:16:52 pm","09 Jun 2026, 04:18:00 pm","68.04 s","Chromium","row-actions, actions, company","2026-06-01","2026-06-01","Normal"
"TC-006-TAX-REP-ACTIONS-EXPORT","Verify Edit, Suspend, Reactivate, refresh, exports (Excel/JSON) and cancels for Tax Representatives","Verify Edit, Suspend, Reactivate, refresh, exports (Excel/JSON) and cancels for Tax Representatives","Row-actions","Normal","✅ Passed","09 Jun 2026, 04:16:31 pm","09 Jun 2026, 04:17:12 pm","40.47 s","Chromium","row-actions, actions, company","2026-06-01","2026-06-01","Normal"
"TC-006-TEN-SECURITY","Verify SQL injection, script tags, XSS in name, and unauthorized URL checks","Verify SQL injection, script tags, XSS in name, and unauthorized URL checks","Security-injection","Normal","✅ Passed","09 Jun 2026, 04:26:33 pm","09 Jun 2026, 04:26:42 pm","9.65 s","Chromium","security-injection, security, platform","2026-06-01","2026-06-01","Normal"
"TC-007-COMP-DET-RAPID-TABS","NTC-005, 006, 039: Verify page stability and responsiveness during rapid/continuous tab switching and simultaneous scrolling","NTC-005, 006, 039: Verify page stability and responsiveness during rapid/continuous tab switching and simultaneous scrolling","Rapid-interaction","Normal","✅ Passed","09 Jun 2026, 04:12:38 pm","09 Jun 2026, 04:13:26 pm","48.18 s","Chromium","rapid-interaction, stability, company","2026-06-01","2026-06-01","Normal"
"TC-007-ITEM-EXPORT-IMPORT","PTC-046 to 049, NTC-021 to 029, NTC-030: Verify templates, bulk uploads (valid/invalid), and file exports (Excel/JSON)","PTC-046 to 049, NTC-021 to 029, NTC-030: Verify templates, bulk uploads (valid/invalid), and file exports (Excel/JSON)","Files","Normal","✅ Passed","09 Jun 2026, 04:14:38 pm","09 Jun 2026, 04:15:17 pm","38.70 s","Chromium","files, interaction, company","2026-06-01","2026-06-01","Normal"
"TC-007-LINE-VALIDATION-NEGATIVE","❌ Line Item Form Validations (Negative)","N-019 to N-024, N-028 to N-032, N-049, N-051 to N-059, N-062, N-063, N-094, N-110 to N-116, N-119, N-138, N-139, N-142, N-143: Line Item Form Validations (Negative)","UI Invoice - Invoice","Normal","⏭️ Skipped","09 Jun 2026, 04:23:52 pm","09 Jun 2026, 04:23:52 pm","0.00 s","Chromium","line-validation, invoice","2026-06-01","2026-06-01","Normal"
"TC-008-COMP-DET-MISSING-FIELDS","NTC-010 to 014, NTC-020: Verify that missing or blank fields (TRN, email, phone, address, company code) handle missing values gracefully without UI distortion","NTC-010 to 014, NTC-020: Verify that missing or blank fields (TRN, email, phone, address, company code) handle missing values gracefully without UI distortion","Missing-values","Normal","❌ Failed","09 Jun 2026, 04:12:42 pm","09 Jun 2026, 04:13:43 pm","60.51 s","Chromium","missing-values, validation, company","2026-06-01","2026-06-01","Normal"
"TC-008-ITEM-STABILITY-INTERACTION","NTC-018 to 020, 031, 046: Verify interactive popup cancel, editing with invalid values, and page refresh during editing","NTC-018 to 020, 031, 046: Verify interactive popup cancel, editing with invalid values, and page refresh during editing","Dialog-state","Normal","✅ Passed","09 Jun 2026, 04:14:49 pm","09 Jun 2026, 04:15:30 pm","41.22 s","Chromium","dialog-state, interaction, company","2026-06-01","2026-06-01","Normal"
"TC-008-SECURITY-INTEGRITY","🛡️ Security and Data Integrity Protection","N-026, N-027, N-033, N-034, N-046, N-047, N-050, N-065, N-066, N-082, N-095, N-097, N-100, N-130, N-131, N-140, N-141, N-147, N-149: Security and Data Integrity Protection","UI Invoice - Invoice","Normal","⏭️ Skipped","09 Jun 2026, 04:23:52 pm","09 Jun 2026, 04:23:52 pm","0.00 s","Chromium","security-integrity, invoice","2026-06-01","2026-06-01","Normal"
"TC-009-COMP-DET-LONG-FIELDS","NTC-015 to 018: Verify visual rendering of very long names, emails, URLs, and special characters (text wrapping, overflow checks)","NTC-015 to 018: Verify visual rendering of very long names, emails, URLs, and special characters (text wrapping, overflow checks)","Text-wrap","Normal","❌ Failed","09 Jun 2026, 04:12:50 pm","09 Jun 2026, 04:13:45 pm","54.73 s","Chromium","text-wrap, visibility, company","2026-06-01","2026-06-01","Normal"
"TC-009-ROBUSTNESS-CONCURRENCY","⚙️ Robustness, Concurrency and Environment Interruption","P-127, N-044, N-045, N-048, N-064, N-069, N-070, N-085, N-086, N-087, N-134, N-136, N-137, N-148: Robustness, Concurrency and Environment Interruption","UI Invoice - Invoice","Normal","⏭️ Skipped","09 Jun 2026, 04:23:52 pm","09 Jun 2026, 04:23:52 pm","0.00 s","Chromium","robustness, invoice","2026-06-01","2026-06-01","Normal"
"TC-010-BULK-UPLOAD-VALIDATION","📦 Bulk Invoice Upload Validation","P-046, P-047, P-076 to P-078, P-142 to P-144, N-038 to N-040, N-071 to N-078, N-098, N-099, N-120 to N-129, N-146: Bulk Invoice Upload Validation","UI Invoice - Invoice","Normal","⏭️ Skipped","09 Jun 2026, 04:23:52 pm","09 Jun 2026, 04:23:52 pm","0.01 s","Chromium","bulk-upload, invoice","2026-06-01","2026-06-01","Normal"
"TC-010-COMP-DET-NON-EDITABLE","PTC-041 to 045, NTC-022 to 026, NTC-043: Verify that all field values, status badge, and email/website URLs are completely non-editable and non-clickable (no action on repeated clicks)","PTC-041 to 045, NTC-022 to 026, NTC-043: Verify that all field values, status badge, and email/website URLs are completely non-editable and non-clickable (no action on repeated clicks)","Read-only-clicks","Normal","❌ Failed","09 Jun 2026, 04:13:01 pm","09 Jun 2026, 04:13:59 pm","58.11 s","Chromium","read-only-clicks, interaction, company","2026-06-01","2026-06-01","Normal"
"TC-APP-001-LAYOUT","🏢 Approver Role Access and Layout Verification","P-001 to P-011, P-067, P-070, P-071, P-101 to P-107, P-118, P-119: Layout, Columns, and Navigation","UI Invoice - Invoice-approver","Normal","✅ Passed","09 Jun 2026, 04:16:58 pm","09 Jun 2026, 04:17:20 pm","22.75 s","Chromium","layout, invoice","2026-06-01","2026-06-01","Normal"
"TC-APP-002-SEARCH-FILTERS","🔍 Search and Quick Filters","P-012 to P-024, P-047, P-048, P-054, P-056, P-057, P-076, P-082, P-083, P-084, P-090, P-091, P-138, P-150: Search & Quick Filters","UI Invoice - Invoice-approver","Normal","✅ Passed","09 Jun 2026, 04:17:21 pm","09 Jun 2026, 04:18:06 pm","45.17 s","Chromium","search-filter, invoice","2026-06-01","2026-06-01","Normal"
"TC-APP-003-DATE-FILTERS","📅 Date Filters","P-025 to P-029, P-049, P-085, P-113, P-133, P-144 to P-146: Date Range Calendar Filters","UI Invoice - Invoice-approver","Normal","✅ Passed","09 Jun 2026, 04:18:06 pm","09 Jun 2026, 04:18:34 pm","27.67 s","Chromium","date-filter, invoice","2026-06-01","2026-06-01","Normal"
"TC-APP-004-SORT-PAGE","⚙️ Sorting and Pagination Operations","P-030 to P-035, P-051 to P-053, P-055, P-058, P-072 to P-075, P-112, P-114, P-115: Sorting, Pagination and State Persistence","UI Invoice - Invoice-approver","Normal","✅ Passed","09 Jun 2026, 04:18:34 pm","09 Jun 2026, 04:19:02 pm","28.02 s","Chromium","sort-pagination, invoice","2026-06-01","2026-06-01","Normal"
"TC-APP-005-DETAIL-MODAL","📝 Invoice Detail Modal Verification","P-036, P-039, P-040, P-046, P-060, P-061, P-062, P-068, P-069, P-128 to P-132: Invoice Details Modal Verification","UI Invoice - Invoice-approver","Normal","✅ Passed","09 Jun 2026, 04:19:02 pm","09 Jun 2026, 04:19:34 pm","32.20 s","Chromium","details-modal, invoice","2026-06-01","2026-06-01","Normal"
"TC-APP-006-EXPORTS","📊 Data Export Functionality","P-121 to P-124, P-140: CSV and JSON Exports and Toast Successes","UI Invoice - Invoice-approver","Normal","✅ Passed","09 Jun 2026, 04:19:34 pm","09 Jun 2026, 04:20:00 pm","25.69 s","Chromium","exports, invoice","2026-06-01","2026-06-01","Normal"
"TC-APP-007-GLOBAL-SEARCH","🌐 Global Search and Quick Navigation Options","P-093 to P-096: Global Search and Quick Navigation Options","UI Invoice - Invoice-approver","Normal","✅ Passed","09 Jun 2026, 04:20:00 pm","09 Jun 2026, 04:20:28 pm","28.04 s","Chromium","global-search, invoice","2026-06-01","2026-06-01","Normal"
"TC-APP-008-APPROVAL-WORKFLOW","📝 Submitted Invoice Approval Workflow","P-037, P-088, P-117, P-125, P-127, P-134, P-147: Submitted Invoice Approval Workflow","UI Invoice - Invoice-approver","Normal","⚠️ Broken","09 Jun 2026, 04:20:28 pm","09 Jun 2026, 04:21:34 pm","66.37 s","Chromium","approval-workflow, invoice","2026-06-01","2026-06-01","Normal"
"TC-APP-009-REJECTION-WORKFLOW","📝 Submitted Invoice Rejection Workflow","P-038, P-087, P-126, P-135, P-148: Submitted Invoice Rejection Workflow","UI Invoice - Invoice-approver","Normal","⏭️ Skipped","09 Jun 2026, 04:21:39 pm","09 Jun 2026, 04:21:39 pm","0.01 s","Chromium","rejection-workflow, invoice","2026-06-01","2026-06-01","Normal"
"TC-APP-010-NEGATIVE-SEARCH","⚠️ Negative Search and Filter Validations","N-001 to N-006, N-008, N-063 to N-065, N-102: Negative Searches & Filters","UI Invoice - Invoice-approver","Normal","⏭️ Skipped","09 Jun 2026, 04:21:39 pm","09 Jun 2026, 04:21:39 pm","0.00 s","Chromium","negative-search, invoice","2026-06-01","2026-06-01","Normal"
"TC-APP-011-NEGATIVE-DATES","📅 Negative Date Range Validations","N-009, N-010, N-095, N-145, N-146: Negative Date Ranges and Formatting Checks","UI Invoice - Invoice-approver","Normal","⏭️ Skipped","09 Jun 2026, 04:21:39 pm","09 Jun 2026, 04:21:39 pm","0.00 s","Chromium","negative-dates, invoice","2026-06-01","2026-06-01","Normal"
"TC-APP-012-BOUNDARIES-SPEED","⚡ Boundary Cases and Rapid Interaction Performance","N-011, N-035, N-038, N-039, N-044, N-045, N-065, N-066, N-091, N-096, N-105, N-106, N-131 to N-135, N-140 to N-144: Boundary Cases and Performance","UI Invoice - Invoice-approver","Normal","⏭️ Skipped","09 Jun 2026, 04:21:39 pm","09 Jun 2026, 04:21:39 pm","0.00 s","Chromium","pagination-boundaries, invoice","2026-06-01","2026-06-01","Normal"
"TC-APP-013-RBAC-SECURITY","🛡️ RBAC Authorization and Privilege Access Control","N-014, N-016 to N-021, N-048 to N-050, N-053, N-056, N-072 to N-076, N-082 to N-085, N-093, N-094: RBAC Authorization and Privilege Access Control","UI Invoice - Invoice-approver","Normal","⏭️ Skipped","09 Jun 2026, 04:21:39 pm","09 Jun 2026, 04:21:39 pm","0.00 s","Chromium","rbac-security, invoice","2026-06-01","2026-06-01","Normal"
"TC-APP-014-SESSION-INTERRUPTIONS","⏳ Session Lifecycle and Network Disruptions","N-015, N-037, N-051, N-052, N-054, N-055, N-077, N-078, N-084, N-101, N-107 to N-110, N-136, N-137: Session Lifecycle and Network Disruptions","UI Invoice - Invoice-approver","Normal","⏭️ Skipped","09 Jun 2026, 04:21:39 pm","09 Jun 2026, 04:21:39 pm","0.00 s","Chromium","session-interruptions, invoice","2026-06-01","2026-06-01","Normal"
"TC-APP-015-ANOMALIES-FAILURES","🏥 Backend Failure Handling & Data Anomalies","N-007, N-012, N-013, N-022 to N-034, N-036, N-040, N-041, N-057 to N-062, N-067 to N-071, N-079 to N-081, N-092, N-098 to N-100, N-115 to N-125, N-126 to N-130, N-147, N-148, N-150: Backend Failure Handling & Data Anomalies","UI Invoice - Invoice-approver","Normal","⏭️ Skipped","09 Jun 2026, 04:21:39 pm","09 Jun 2026, 04:21:39 pm","0.00 s","Chromium","data-anomalies, invoice","2026-06-01","2026-06-01","Normal"
"TC-VIEW-001-LAYOUT","🏢 Viewer Role Access and Layout Verification","P-001 to P-010, P-065, P-066, P-101 to P-105: Layout, Columns, and Navigation","UI Invoice - Invoice-viewer","Normal","✅ Passed","09 Jun 2026, 04:17:02 pm","09 Jun 2026, 04:17:34 pm","31.46 s","Chromium","layout, invoice","2026-06-01","2026-06-01","Normal"
"TC-VIEW-002-SEARCH-FILTERS","🔍 Search and Quick Filters","P-011 to P-028, P-030 to P-032, P-097, P-098, P-099, P-111 to P-115, P-147 to P-149: Search, Quick Filters & Combinations","UI Invoice - Invoice-viewer","Normal","✅ Passed","09 Jun 2026, 04:17:34 pm","09 Jun 2026, 04:19:02 pm","88.43 s","Chromium","search-filter, invoice","2026-06-01","2026-06-01","Normal"
"TC-VIEW-003-DATE-FILTERS","📅 Date Filters","P-029, P-100, P-108 to P-110: Date Range Calendar Filters","UI Invoice - Invoice-viewer","Normal","✅ Passed","09 Jun 2026, 04:19:03 pm","09 Jun 2026, 04:19:45 pm","42.14 s","Chromium","date-filter, invoice","2026-06-01","2026-06-01","Normal"
"TC-VIEW-004-SORT-PAGE","⚙️ Sorting and Pagination Operations","P-033 to P-039, P-047, P-048, P-067 to P-070, P-073 to P-078, P-134 to P-136, P-145, P-146: Sorting, Pagination and State Persistence","UI Invoice - Invoice-viewer","Normal","✅ Passed","09 Jun 2026, 04:19:45 pm","09 Jun 2026, 04:20:22 pm","37.02 s","Chromium","sort-pagination, invoice","2026-06-01","2026-06-01","Normal"
"TC-VIEW-005-DETAIL-MODAL","📝 Invoice Detail Modal Verification","P-040 to P-046, P-079 to P-083, P-084, P-085, P-086 to P-088, P-118, P-119, P-120 to P-129, P-130 to P-133: Invoice Details Modal Verification","UI Invoice - Invoice-viewer","Normal","✅ Passed","09 Jun 2026, 04:20:22 pm","09 Jun 2026, 04:20:56 pm","34.15 s","Chromium","details-modal, invoice","2026-06-01","2026-06-01","Normal"
"TC-VIEW-006-EXPORTS","📊 Data Export Functionality","P-049, P-050, P-089 to P-094, P-137 to P-144: CSV and JSON Exports and Toast Successes","UI Invoice - Invoice-viewer","Normal","✅ Passed","09 Jun 2026, 04:20:56 pm","09 Jun 2026, 04:21:22 pm","25.49 s","Chromium","exports, invoice","2026-06-01","2026-06-01","Normal"
"TC-VIEW-007-GLOBAL-SEARCH","🌐 Global Search and Quick Navigation Options","P-051 to P-064: Global Search and Quick Navigation Options","UI Invoice - Invoice-viewer","Normal","✅ Passed","09 Jun 2026, 04:21:22 pm","09 Jun 2026, 04:22:02 pm","40.55 s","Chromium","global-search, invoice","2026-06-01","2026-06-01","Normal"
"TC-VIEW-008-NEGATIVE-SEARCH-FILTERS","⚠️ Negative Search and Filter Validations","N-001 to N-016, N-046, N-048, N-051 to N-060, N-104 to N-110, N-114: Negative Searches & Filters","UI Invoice - Invoice-viewer","Normal","✅ Passed","09 Jun 2026, 04:22:02 pm","09 Jun 2026, 04:22:54 pm","51.35 s","Chromium","negative-search, invoice","2026-06-01","2026-06-01","Normal"
"TC-VIEW-009-NEGATIVE-DATES","📅 Negative Date Range Validations","N-017 to N-020, N-063 to N-067, N-113: Negative Date Ranges and Formatting Checks","UI Invoice - Invoice-viewer","Normal","✅ Passed","09 Jun 2026, 04:22:54 pm","09 Jun 2026, 04:23:30 pm","36.52 s","Chromium","negative-dates, invoice","2026-06-01","2026-06-01","Normal"
"TC-VIEW-010-PAGINATION-BOUNDARIES-SPEED","⚡ Boundary Cases and Rapid Interaction Performance","N-021 to N-023, N-041 to N-045, N-092 to N-095, N-115 to N-119, N-135 to N-138: Boundary Cases and Rapid Interaction Performance","UI Invoice - Invoice-viewer","Normal","✅ Passed","09 Jun 2026, 04:23:30 pm","09 Jun 2026, 04:23:56 pm","25.43 s","Chromium","pagination-boundaries, invoice","2026-06-01","2026-06-01","Normal"
"TC-VIEW-011-RBAC-SECURITY","🛡️ RBAC Authorization and Privilege Access Control","N-027 to N-031, N-072 to N-075, N-143 to N-145: RBAC Authorization and Privilege Access Control","UI Invoice - Invoice-viewer","Normal","✅ Passed","09 Jun 2026, 04:23:56 pm","09 Jun 2026, 04:24:23 pm","26.57 s","Chromium","rbac-security, invoice","2026-06-01","2026-06-01","Normal"
"TC-VIEW-012-SESSION-INTERRUPTIONS","⏳ Session Lifecycle and Network Disruptions","N-024 to N-026, N-032, N-033, N-049, N-050, N-085 to N-091, N-133, N-134, N-141, N-142, N-146 to N-148: Session Lifecycle and Network Disruptions","UI Invoice - Invoice-viewer","Normal","✅ Passed","09 Jun 2026, 04:24:23 pm","09 Jun 2026, 04:24:53 pm","29.93 s","Chromium","session-interruptions, invoice","2026-06-01","2026-06-01","Normal"
"TC-VIEW-013-ANOMALIES-FAILURES","🏥 Backend Failure Handling & Data Anomalies","N-034 to N-038, N-047, N-076 to N-084, N-120 to N-125, N-126 to N-128, N-149, N-150: Backend Failure Handling & Data Anomalies","UI Invoice - Invoice-viewer","Normal","✅ Passed","09 Jun 2026, 04:24:53 pm","09 Jun 2026, 04:25:08 pm","15.04 s","Chromium","data-anomalies, invoice","2026-06-01","2026-06-01","Normal"
"TENANT_001","Create Tenant - Success","Create Tenant - Success","API Controllers.data.json","Normal","❌ Failed","09 Jun 2026, 04:08:24 pm","09 Jun 2026, 04:08:25 pm","0.81 s","Chromium","controllers.data.json","2026-06-01","2026-06-01","Normal"
"TENANT_002","Create Tenant - Forbidden for ADMIN","Create Tenant - Forbidden for ADMIN","API Controllers.data.json","Normal","✅ Passed","09 Jun 2026, 04:08:25 pm","09 Jun 2026, 04:08:26 pm","0.85 s","Chromium","controllers.data.json","2026-06-01","2026-06-01","Normal"
"TENANT_003","List Tenants - Success","List Tenants - Success","API Controllers.data.json","Normal","✅ Passed","09 Jun 2026, 04:08:25 pm","09 Jun 2026, 04:08:26 pm","1.68 s","Chromium","controllers.data.json","2026-06-01","2026-06-01","Normal"
"TENANT_004","Get Tenant By ID - Success","Get Tenant By ID - Success","API Controllers.data.json","Normal","❌ Failed","09 Jun 2026, 04:08:25 pm","09 Jun 2026, 04:08:25 pm","0.64 s","Chromium","controllers.data.json","2026-06-01","2026-06-01","Normal"
"TENANT_005","Get Tenant By Code - Success","Get Tenant By Code - Success","API Controllers.data.json","Normal","✅ Passed","09 Jun 2026, 04:08:25 pm","09 Jun 2026, 04:08:26 pm","0.69 s","Chromium","controllers.data.json","2026-06-01","2026-06-01","Normal"
"TENANT_006","Update Tenant - Success","Update Tenant - Success","API Controllers.data.json","Normal","❌ Failed","09 Jun 2026, 04:08:26 pm","09 Jun 2026, 04:08:26 pm","0.78 s","Chromium","controllers.data.json","2026-06-01","2026-06-01","Normal"
"TENANT_007","Delete Tenant - Success","Delete Tenant - Success","API Controllers.data.json","Normal","❌ Failed","09 Jun 2026, 04:08:25 pm","09 Jun 2026, 04:08:26 pm","0.71 s","Chromium","controllers.data.json","2026-06-01","2026-06-01","Normal"
"TENANT_008","Change Tenant Status - Success","Change Tenant Status - Success","API Controllers.data.json","Normal","❌ Failed","09 Jun 2026, 04:08:27 pm","09 Jun 2026, 04:08:28 pm","0.80 s","Chromium","controllers.data.json","2026-06-01","2026-06-01","Normal"
"TENANT_009","Map User to Tenant - Success","Map User to Tenant - Success","API Controllers.data.json","Normal","❌ Failed","09 Jun 2026, 04:08:27 pm","09 Jun 2026, 04:08:28 pm","0.90 s","Chromium","controllers.data.json","2026-06-01","2026-06-01","Normal"
"USER_ME_GET_001","User: Get current user profile (/me)","Get current user profile (/me)","API Full_platform.data.json","Normal","❌ Failed","09 Jun 2026, 04:08:37 pm","09 Jun 2026, 04:08:37 pm","0.38 s","Chromium","full_platform.data.json","2026-06-01","2026-06-01","Normal"
"USER_ME_PATCH_001","User: Update my own profile (Language/RTL)","Update my own profile (Language/RTL)","API Full_platform.data.json","Normal","✅ Passed","09 Jun 2026, 04:08:37 pm","09 Jun 2026, 04:08:37 pm","0.58 s","Chromium","full_platform.data.json","2026-06-01","2026-06-01","Normal"
"USER_ROLE_ASSIGN_001","User: Assign Role to User (Super Admin)","Assign Role to User (Super Admin)","API Full_platform.data.json","Normal","✅ Passed","09 Jun 2026, 04:08:37 pm","09 Jun 2026, 04:08:38 pm","0.57 s","Chromium","full_platform.data.json","2026-06-01","2026-06-01","Normal"
"USER_STATUS_PATCH_001","User: Change User Status (INACTIVE)","Change User Status (INACTIVE)","API Full_platform.data.json","Normal","✅ Passed","09 Jun 2026, 04:08:39 pm","09 Jun 2026, 04:08:40 pm","1.04 s","Chromium","full_platform.data.json","2026-06-01","2026-06-01","Normal"
"VAT-SPEC-001","Verify VAT Category Code accepts valid single uppercase alphabet","","","","✅ Passed","09 Jun 2026, 04:21:28 pm","09 Jun 2026, 04:21:46 pm","18.14 s","Chromium","","—","—","Normal"
"VAT-SPEC-002","Verify VAT Category Code accepts valid two uppercase alphabets","","","","✅ Passed","09 Jun 2026, 04:21:28 pm","09 Jun 2026, 04:21:47 pm","18.58 s","Chromium","","—","—","Normal"
"VAT-SPEC-003","Verify Description accepts % symbol","","","","✅ Passed","09 Jun 2026, 04:21:35 pm","09 Jun 2026, 04:21:53 pm","17.99 s","Chromium","","—","—","Normal"
"VAT-SPEC-004","Verify Code exceeding 3 characters is rejected","","","","✅ Passed","09 Jun 2026, 04:21:36 pm","09 Jun 2026, 04:21:54 pm","18.65 s","Chromium","","—","—","Normal"
"VAT-SPEC-005","Verify mixed lowercase-uppercase Code is rejected","","","","✅ Passed","09 Jun 2026, 04:21:45 pm","09 Jun 2026, 04:22:06 pm","20.32 s","Chromium","","—","—","Normal"
"VAT-SPEC-006","Verify alphanumeric Code is rejected","","","","✅ Passed","09 Jun 2026, 04:21:44 pm","09 Jun 2026, 04:22:03 pm","19.41 s","Chromium","","—","—","Normal"
"VAT-SPEC-007","Verify special symbol in Code is rejected","","","","✅ Passed","09 Jun 2026, 04:21:46 pm","09 Jun 2026, 04:22:05 pm","18.69 s","Chromium","","—","—","Normal"
"VAT-SPEC-008","Verify invalid Code and Name combination is rejected","","","","✅ Passed","09 Jun 2026, 04:21:47 pm","09 Jun 2026, 04:22:07 pm","19.77 s","Chromium","","—","—","Normal"